[{"model": "admin.logentry", "pk": 1, "fields": {"action_time": "2022-11-20T11:49:47.549Z", "user": "aa0aec5c-26f6-411b-8f1a-1f97da1e7edf", "content_type": 21, "object_id": "AH61325", "object_repr": "AH61325", "action_flag": 2, "change_message": "[{\"changed\": {\"fields\": [\"Discount\"]}}]"}}, {"model": "admin.logentry", "pk": 2, "fields": {"action_time": "2022-11-20T11:49:53.876Z", "user": "aa0aec5c-26f6-411b-8f1a-1f97da1e7edf", "content_type": 21, "object_id": "AXE74793", "object_repr": "AXE74793", "action_flag": 2, "change_message": "[{\"changed\": {\"fields\": [\"Discount\"]}}]"}}, {"model": "admin.logentry", "pk": 3, "fields": {"action_time": "2022-11-20T11:49:59.030Z", "user": "aa0aec5c-26f6-411b-8f1a-1f97da1e7edf", "content_type": 21, "object_id": "RE1692", "object_repr": "RE1692", "action_flag": 2, "change_message": "[{\"changed\": {\"fields\": [\"Discount\"]}}]"}}, {"model": "admin.logentry", "pk": 4, "fields": {"action_time": "2022-11-20T11:53:09.070Z", "user": "aa0aec5c-26f6-411b-8f1a-1f97da1e7edf", "content_type": 21, "object_id": "RE123456", "object_repr": "RE123456", "action_flag": 1, "change_message": "[{\"added\": {}}]"}}, {"model": "admin.logentry", "pk": 5, "fields": {"action_time": "2022-11-20T13:00:02.558Z", "user": "aa0aec5c-26f6-411b-8f1a-1f97da1e7edf", "content_type": 20, "object_id": "1", "object_repr": "Comment object (1)", "action_flag": 1, "change_message": "[{\"added\": {}}]"}}, {"model": "admin.logentry", "pk": 6, "fields": {"action_time": "2022-11-20T13:00:28.523Z", "user": "aa0aec5c-26f6-411b-8f1a-1f97da1e7edf", "content_type": 20, "object_id": "2", "object_repr": "Comment object (2)", "action_flag": 1, "change_message": "[{\"added\": {}}]"}}, {"model": "admin.logentry", "pk": 7, "fields": {"action_time": "2022-11-20T13:00:43.860Z", "user": "aa0aec5c-26f6-411b-8f1a-1f97da1e7edf", "content_type": 20, "object_id": "3", "object_repr": "Comment object (3)", "action_flag": 1, "change_message": "[{\"added\": {}}]"}}, {"model": "admin.logentry", "pk": 8, "fields": {"action_time": "2022-11-20T13:02:11.843Z", "user": "aa0aec5c-26f6-411b-8f1a-1f97da1e7edf", "content_type": 20, "object_id": "4", "object_repr": "Comment object (4)", "action_flag": 1, "change_message": "[{\"added\": {}}]"}}, {"model": "admin.logentry", "pk": 9, "fields": {"action_time": "2022-11-20T13:09:57.108Z", "user": "aa0aec5c-26f6-411b-8f1a-1f97da1e7edf", "content_type": 20, "object_id": "5", "object_repr": "Comment object (5)", "action_flag": 1, "change_message": "[{\"added\": {}}]"}}, {"model": "admin.logentry", "pk": 10, "fields": {"action_time": "2022-11-20T13:10:17.670Z", "user": "aa0aec5c-26f6-411b-8f1a-1f97da1e7edf", "content_type": 20, "object_id": "6", "object_repr": "Comment object (6)", "action_flag": 1, "change_message": "[{\"added\": {}}]"}}, {"model": "admin.logentry", "pk": 11, "fields": {"action_time": "2022-11-20T13:14:40.751Z", "user": "aa0aec5c-26f6-411b-8f1a-1f97da1e7edf", "content_type": 21, "object_id": "JPG12596", "object_repr": "JPG12596", "action_flag": 1, "change_message": "[{\"added\": {}}]"}}, {"model": "admin.logentry", "pk": 12, "fields": {"action_time": "2022-11-20T13:15:32.055Z", "user": "aa0aec5c-26f6-411b-8f1a-1f97da1e7edf", "content_type": 21, "object_id": "R48101", "object_repr": "R48101", "action_flag": 2, "change_message": "[{\"changed\": {\"fields\": [\"Part number\", \"Machine type\"]}}]"}}, {"model": "admin.logentry", "pk": 13, "fields": {"action_time": "2022-11-20T13:19:25.916Z", "user": "aa0aec5c-26f6-411b-8f1a-1f97da1e7edf", "content_type": 21, "object_id": "AL35471", "object_repr": "AL35471", "action_flag": 2, "change_message": "[{\"changed\": {\"fields\": [\"Machine type\"]}}]"}}, {"model": "admin.logentry", "pk": 14, "fields": {"action_time": "2022-11-20T13:19:34.417Z", "user": "aa0aec5c-26f6-411b-8f1a-1f97da1e7edf", "content_type": 21, "object_id": "R48111", "object_repr": "R48111", "action_flag": 2, "change_message": "[]"}}, {"model": "auth.permission", "pk": 1, "fields": {"name": "Can add log entry", "content_type": 1, "codename": "add_logentry"}}, {"model": "auth.permission", "pk": 2, "fields": {"name": "Can change log entry", "content_type": 1, "codename": "change_logentry"}}, {"model": "auth.permission", "pk": 3, "fields": {"name": "Can delete log entry", "content_type": 1, "codename": "delete_logentry"}}, {"model": "auth.permission", "pk": 4, "fields": {"name": "Can view log entry", "content_type": 1, "codename": "view_logentry"}}, {"model": "auth.permission", "pk": 5, "fields": {"name": "Can add permission", "content_type": 2, "codename": "add_permission"}}, {"model": "auth.permission", "pk": 6, "fields": {"name": "Can change permission", "content_type": 2, "codename": "change_permission"}}, {"model": "auth.permission", "pk": 7, "fields": {"name": "Can delete permission", "content_type": 2, "codename": "delete_permission"}}, {"model": "auth.permission", "pk": 8, "fields": {"name": "Can view permission", "content_type": 2, "codename": "view_permission"}}, {"model": "auth.permission", "pk": 9, "fields": {"name": "Can add group", "content_type": 3, "codename": "add_group"}}, {"model": "auth.permission", "pk": 10, "fields": {"name": "Can change group", "content_type": 3, "codename": "change_group"}}, {"model": "auth.permission", "pk": 11, "fields": {"name": "Can delete group", "content_type": 3, "codename": "delete_group"}}, {"model": "auth.permission", "pk": 12, "fields": {"name": "Can view group", "content_type": 3, "codename": "view_group"}}, {"model": "auth.permission", "pk": 13, "fields": {"name": "Can add content type", "content_type": 4, "codename": "add_contenttype"}}, {"model": "auth.permission", "pk": 14, "fields": {"name": "Can change content type", "content_type": 4, "codename": "change_contenttype"}}, {"model": "auth.permission", "pk": 15, "fields": {"name": "Can delete content type", "content_type": 4, "codename": "delete_contenttype"}}, {"model": "auth.permission", "pk": 16, "fields": {"name": "Can view content type", "content_type": 4, "codename": "view_contenttype"}}, {"model": "auth.permission", "pk": 17, "fields": {"name": "Can add session", "content_type": 5, "codename": "add_session"}}, {"model": "auth.permission", "pk": 18, "fields": {"name": "Can change session", "content_type": 5, "codename": "change_session"}}, {"model": "auth.permission", "pk": 19, "fields": {"name": "Can delete session", "content_type": 5, "codename": "delete_session"}}, {"model": "auth.permission", "pk": 20, "fields": {"name": "Can view session", "content_type": 5, "codename": "view_session"}}, {"model": "auth.permission", "pk": 21, "fields": {"name": "Can add email address", "content_type": 6, "codename": "add_emailaddress"}}, {"model": "auth.permission", "pk": 22, "fields": {"name": "Can change email address", "content_type": 6, "codename": "change_emailaddress"}}, {"model": "auth.permission", "pk": 23, "fields": {"name": "Can delete email address", "content_type": 6, "codename": "delete_emailaddress"}}, {"model": "auth.permission", "pk": 24, "fields": {"name": "Can view email address", "content_type": 6, "codename": "view_emailaddress"}}, {"model": "auth.permission", "pk": 25, "fields": {"name": "Can add email confirmation", "content_type": 7, "codename": "add_emailconfirmation"}}, {"model": "auth.permission", "pk": 26, "fields": {"name": "Can change email confirmation", "content_type": 7, "codename": "change_emailconfirmation"}}, {"model": "auth.permission", "pk": 27, "fields": {"name": "Can delete email confirmation", "content_type": 7, "codename": "delete_emailconfirmation"}}, {"model": "auth.permission", "pk": 28, "fields": {"name": "Can view email confirmation", "content_type": 7, "codename": "view_emailconfirmation"}}, {"model": "auth.permission", "pk": 29, "fields": {"name": "Can add social account", "content_type": 8, "codename": "add_socialaccount"}}, {"model": "auth.permission", "pk": 30, "fields": {"name": "Can change social account", "content_type": 8, "codename": "change_socialaccount"}}, {"model": "auth.permission", "pk": 31, "fields": {"name": "Can delete social account", "content_type": 8, "codename": "delete_socialaccount"}}, {"model": "auth.permission", "pk": 32, "fields": {"name": "Can view social account", "content_type": 8, "codename": "view_socialaccount"}}, {"model": "auth.permission", "pk": 33, "fields": {"name": "Can add social application", "content_type": 9, "codename": "add_socialapp"}}, {"model": "auth.permission", "pk": 34, "fields": {"name": "Can change social application", "content_type": 9, "codename": "change_socialapp"}}, {"model": "auth.permission", "pk": 35, "fields": {"name": "Can delete social application", "content_type": 9, "codename": "delete_socialapp"}}, {"model": "auth.permission", "pk": 36, "fields": {"name": "Can view social application", "content_type": 9, "codename": "view_socialapp"}}, {"model": "auth.permission", "pk": 37, "fields": {"name": "Can add social application token", "content_type": 10, "codename": "add_socialtoken"}}, {"model": "auth.permission", "pk": 38, "fields": {"name": "Can change social application token", "content_type": 10, "codename": "change_socialtoken"}}, {"model": "auth.permission", "pk": 39, "fields": {"name": "Can delete social application token", "content_type": 10, "codename": "delete_socialtoken"}}, {"model": "auth.permission", "pk": 40, "fields": {"name": "Can view social application token", "content_type": 10, "codename": "view_socialtoken"}}, {"model": "auth.permission", "pk": 41, "fields": {"name": "Can add crontab", "content_type": 11, "codename": "add_crontabschedule"}}, {"model": "auth.permission", "pk": 42, "fields": {"name": "Can change crontab", "content_type": 11, "codename": "change_crontabschedule"}}, {"model": "auth.permission", "pk": 43, "fields": {"name": "Can delete crontab", "content_type": 11, "codename": "delete_crontabschedule"}}, {"model": "auth.permission", "pk": 44, "fields": {"name": "Can view crontab", "content_type": 11, "codename": "view_crontabschedule"}}, {"model": "auth.permission", "pk": 45, "fields": {"name": "Can add interval", "content_type": 12, "codename": "add_intervalschedule"}}, {"model": "auth.permission", "pk": 46, "fields": {"name": "Can change interval", "content_type": 12, "codename": "change_intervalschedule"}}, {"model": "auth.permission", "pk": 47, "fields": {"name": "Can delete interval", "content_type": 12, "codename": "delete_intervalschedule"}}, {"model": "auth.permission", "pk": 48, "fields": {"name": "Can view interval", "content_type": 12, "codename": "view_intervalschedule"}}, {"model": "auth.permission", "pk": 49, "fields": {"name": "Can add periodic task", "content_type": 13, "codename": "add_periodictask"}}, {"model": "auth.permission", "pk": 50, "fields": {"name": "Can change periodic task", "content_type": 13, "codename": "change_periodictask"}}, {"model": "auth.permission", "pk": 51, "fields": {"name": "Can delete periodic task", "content_type": 13, "codename": "delete_periodictask"}}, {"model": "auth.permission", "pk": 52, "fields": {"name": "Can view periodic task", "content_type": 13, "codename": "view_periodictask"}}, {"model": "auth.permission", "pk": 53, "fields": {"name": "Can add periodic tasks", "content_type": 14, "codename": "add_periodictasks"}}, {"model": "auth.permission", "pk": 54, "fields": {"name": "Can change periodic tasks", "content_type": 14, "codename": "change_periodictasks"}}, {"model": "auth.permission", "pk": 55, "fields": {"name": "Can delete periodic tasks", "content_type": 14, "codename": "delete_periodictasks"}}, {"model": "auth.permission", "pk": 56, "fields": {"name": "Can view periodic tasks", "content_type": 14, "codename": "view_periodictasks"}}, {"model": "auth.permission", "pk": 57, "fields": {"name": "Can add solar event", "content_type": 15, "codename": "add_solarschedule"}}, {"model": "auth.permission", "pk": 58, "fields": {"name": "Can change solar event", "content_type": 15, "codename": "change_solarschedule"}}, {"model": "auth.permission", "pk": 59, "fields": {"name": "Can delete solar event", "content_type": 15, "codename": "delete_solarschedule"}}, {"model": "auth.permission", "pk": 60, "fields": {"name": "Can view solar event", "content_type": 15, "codename": "view_solarschedule"}}, {"model": "auth.permission", "pk": 61, "fields": {"name": "Can add clocked", "content_type": 16, "codename": "add_clockedschedule"}}, {"model": "auth.permission", "pk": 62, "fields": {"name": "Can change clocked", "content_type": 16, "codename": "change_clockedschedule"}}, {"model": "auth.permission", "pk": 63, "fields": {"name": "Can delete clocked", "content_type": 16, "codename": "delete_clockedschedule"}}, {"model": "auth.permission", "pk": 64, "fields": {"name": "Can view clocked", "content_type": 16, "codename": "view_clockedschedule"}}, {"model": "auth.permission", "pk": 65, "fields": {"name": "Can add shop", "content_type": 17, "codename": "add_shop"}}, {"model": "auth.permission", "pk": 66, "fields": {"name": "Can change shop", "content_type": 17, "codename": "change_shop"}}, {"model": "auth.permission", "pk": 67, "fields": {"name": "Can delete shop", "content_type": 17, "codename": "delete_shop"}}, {"model": "auth.permission", "pk": 68, "fields": {"name": "Can view shop", "content_type": 17, "codename": "view_shop"}}, {"model": "auth.permission", "pk": 69, "fields": {"name": "Can add custom_user", "content_type": 18, "codename": "add_customuser"}}, {"model": "auth.permission", "pk": 70, "fields": {"name": "Can change custom_user", "content_type": 18, "codename": "change_customuser"}}, {"model": "auth.permission", "pk": 71, "fields": {"name": "Can delete custom_user", "content_type": 18, "codename": "delete_customuser"}}, {"model": "auth.permission", "pk": 72, "fields": {"name": "Can view custom_user", "content_type": 18, "codename": "view_customuser"}}, {"model": "auth.permission", "pk": 73, "fields": {"name": "Can add profile", "content_type": 19, "codename": "add_profile"}}, {"model": "auth.permission", "pk": 74, "fields": {"name": "Can change profile", "content_type": 19, "codename": "change_profile"}}, {"model": "auth.permission", "pk": 75, "fields": {"name": "Can delete profile", "content_type": 19, "codename": "delete_profile"}}, {"model": "auth.permission", "pk": 76, "fields": {"name": "Can view profile", "content_type": 19, "codename": "view_profile"}}, {"model": "auth.permission", "pk": 77, "fields": {"name": "Can add comment", "content_type": 20, "codename": "add_comment"}}, {"model": "auth.permission", "pk": 78, "fields": {"name": "Can change comment", "content_type": 20, "codename": "change_comment"}}, {"model": "auth.permission", "pk": 79, "fields": {"name": "Can delete comment", "content_type": 20, "codename": "delete_comment"}}, {"model": "auth.permission", "pk": 80, "fields": {"name": "Can view comment", "content_type": 20, "codename": "view_comment"}}, {"model": "auth.permission", "pk": 81, "fields": {"name": "Can add part", "content_type": 21, "codename": "add_part"}}, {"model": "auth.permission", "pk": 82, "fields": {"name": "Can change part", "content_type": 21, "codename": "change_part"}}, {"model": "auth.permission", "pk": 83, "fields": {"name": "Can delete part", "content_type": 21, "codename": "delete_part"}}, {"model": "auth.permission", "pk": 84, "fields": {"name": "Can view part", "content_type": 21, "codename": "view_part"}}, {"model": "auth.permission", "pk": 85, "fields": {"name": "Can add machine model", "content_type": 22, "codename": "add_machinemodel"}}, {"model": "auth.permission", "pk": 86, "fields": {"name": "Can change machine model", "content_type": 22, "codename": "change_machinemodel"}}, {"model": "auth.permission", "pk": 87, "fields": {"name": "Can delete machine model", "content_type": 22, "codename": "delete_machinemodel"}}, {"model": "auth.permission", "pk": 88, "fields": {"name": "Can view machine model", "content_type": 22, "codename": "view_machinemodel"}}, {"model": "auth.permission", "pk": 89, "fields": {"name": "Can add cart", "content_type": 23, "codename": "add_cart"}}, {"model": "auth.permission", "pk": 90, "fields": {"name": "Can change cart", "content_type": 23, "codename": "change_cart"}}, {"model": "auth.permission", "pk": 91, "fields": {"name": "Can delete cart", "content_type": 23, "codename": "delete_cart"}}, {"model": "auth.permission", "pk": 92, "fields": {"name": "Can view cart", "content_type": 23, "codename": "view_cart"}}, {"model": "auth.permission", "pk": 93, "fields": {"name": "Can add cart item", "content_type": 24, "codename": "add_cartitem"}}, {"model": "auth.permission", "pk": 94, "fields": {"name": "Can change cart item", "content_type": 24, "codename": "change_cartitem"}}, {"model": "auth.permission", "pk": 95, "fields": {"name": "Can delete cart item", "content_type": 24, "codename": "delete_cartitem"}}, {"model": "auth.permission", "pk": 96, "fields": {"name": "Can view cart item", "content_type": 24, "codename": "view_cartitem"}}, {"model": "contenttypes.contenttype", "pk": 1, "fields": {"app_label": "admin", "model": "logentry"}}, {"model": "contenttypes.contenttype", "pk": 2, "fields": {"app_label": "auth", "model": "permission"}}, {"model": "contenttypes.contenttype", "pk": 3, "fields": {"app_label": "auth", "model": "group"}}, {"model": "contenttypes.contenttype", "pk": 4, "fields": {"app_label": "contenttypes", "model": "contenttype"}}, {"model": "contenttypes.contenttype", "pk": 5, "fields": {"app_label": "sessions", "model": "session"}}, {"model": "contenttypes.contenttype", "pk": 6, "fields": {"app_label": "account", "model": "emailaddress"}}, {"model": "contenttypes.contenttype", "pk": 7, "fields": {"app_label": "account", "model": "emailconfirmation"}}, {"model": "contenttypes.contenttype", "pk": 8, "fields": {"app_label": "socialaccount", "model": "socialaccount"}}, {"model": "contenttypes.contenttype", "pk": 9, "fields": {"app_label": "socialaccount", "model": "socialapp"}}, {"model": "contenttypes.contenttype", "pk": 10, "fields": {"app_label": "socialaccount", "model": "socialtoken"}}, {"model": "contenttypes.contenttype", "pk": 11, "fields": {"app_label": "django_celery_beat", "model": "crontabschedule"}}, {"model": "contenttypes.contenttype", "pk": 12, "fields": {"app_label": "django_celery_beat", "model": "intervalschedule"}}, {"model": "contenttypes.contenttype", "pk": 13, "fields": {"app_label": "django_celery_beat", "model": "periodictask"}}, {"model": "contenttypes.contenttype", "pk": 14, "fields": {"app_label": "django_celery_beat", "model": "periodictasks"}}, {"model": "contenttypes.contenttype", "pk": 15, "fields": {"app_label": "django_celery_beat", "model": "solarschedule"}}, {"model": "contenttypes.contenttype", "pk": 16, "fields": {"app_label": "django_celery_beat", "model": "clockedschedule"}}, {"model": "contenttypes.contenttype", "pk": 17, "fields": {"app_label": "core", "model": "shop"}}, {"model": "contenttypes.contenttype", "pk": 18, "fields": {"app_label": "accounts", "model": "customuser"}}, {"model": "contenttypes.contenttype", "pk": 19, "fields": {"app_label": "accounts", "model": "profile"}}, {"model": "contenttypes.contenttype", "pk": 20, "fields": {"app_label": "accounts", "model": "comment"}}, {"model": "contenttypes.contenttype", "pk": 21, "fields": {"app_label": "catalogue", "model": "part"}}, {"model": "contenttypes.contenttype", "pk": 22, "fields": {"app_label": "catalogue", "model": "machinemodel"}}, {"model": "contenttypes.contenttype", "pk": 23, "fields": {"app_label": "cart", "model": "cart"}}, {"model": "contenttypes.contenttype", "pk": 24, "fields": {"app_label": "cart", "model": "cartitem"}}, {"model": "sessions.session", "pk": "o2d5sxpuzm5jrbqf3f7ao77w3mlh5gle", "fields": {"session_data": ".eJxVjTsOwkAMBe-yNbuKNx8vlPScIbLXNgmgRMqnQtydREoB9ZuZ93YtrUvXrrNObS_u4ogK0lxnHxtrfAXAPhmQBzujECiqmDv9akz5qcPuyoOG-xjyOCxTz2FHwrHO4TaKvq4H-xfoaO42uwHNFrEw3u6xQZaEUQQzs1KuK6whWYFqSc7AUhpEYrXaSJOWEd3nC7yyQ4g:1owioG:t_bAfER2gWwk5HrY9eQ3SucgJe8m1ypFHuEB3j5du5Y", "expire_date": "2022-12-04T11:48:28.972Z"}}, {"model": "django_celery_beat.crontabschedule", "pk": 1, "fields": {"minute": "0", "hour": "4", "day_of_week": "*", "day_of_month": "*", "month_of_year": "*", "timezone": "UTC"}}, {"model": "django_celery_beat.crontabschedule", "pk": 2, "fields": {"minute": "*/30", "hour": "*", "day_of_week": "*", "day_of_month": "*", "month_of_year": "*", "timezone": "UTC"}}, {"model": "django_celery_beat.periodictasks", "pk": 1, "fields": {"last_update": "2022-11-20T12:13:39.677Z"}}, {"model": "django_celery_beat.periodictask", "pk": 1, "fields": {"name": "celery.backend_cleanup", "task": "celery.backend_cleanup", "interval": null, "crontab": 1, "solar": null, "clocked": null, "args": "[]", "kwargs": "{}", "queue": null, "exchange": null, "routing_key": null, "headers": "{}", "priority": null, "expires": null, "expire_seconds": 43200, "one_off": false, "start_time": null, "enabled": true, "last_run_at": null, "total_run_count": 0, "date_changed": "2022-11-20T12:13:39.625Z", "description": ""}}, {"model": "django_celery_beat.periodictask", "pk": 2, "fields": {"name": "create_part_task", "task": "catalogue.tasks.create_part", "interval": null, "crontab": 2, "solar": null, "clocked": null, "args": "[]", "kwargs": "{}", "queue": null, "exchange": null, "routing_key": null, "headers": "{}", "priority": null, "expires": null, "expire_seconds": null, "one_off": false, "start_time": null, "enabled": true, "last_run_at": "2022-11-20T13:00:00.017Z", "total_run_count": 3, "date_changed": "2022-11-20T13:02:00.658Z", "description": ""}}, {"model": "core.shop", "pk": 1, "fields": {"address": "набережна Сонячна, буд. 858, Сіверськ, 80256", "location": "49.41029,38.15035", "part": ["AX60256", "AL34480", "AL34300", "RE68427", "AL92205", "RE52005", "AX19659", "AH93554", "AL67778", "AXE74793", "RE1692", "RE8207", "R68743", "AL35471", "R48111"]}}, {"model": "core.shop", "pk": 2, "fields": {"address": "парк Отамана Чепіги, буд. 8 кв. 0, Ніжин, 99106", "location": "50.75932,25.34244", "part": ["AX60256", "AL34480", "AL34300", "RE68427", "AL92205", "RE52005", "AX19659", "AH93554", "AL67778", "AXE74793", "RE1692", "RE8207", "R68743", "AL35471", "R48111"]}}, {"model": "core.shop", "pk": 3, "fields": {"address": "вулиця Лютнева, буд. 73 кв. 507, Костянтинівка, 91717", "location": "51.67822,33.9162", "part": ["AX60256", "AL34480", "AL34300", "RE68427", "AL92205", "RE52005", "AX19659", "AH93554", "AL67778", "AXE74793", "RE1692", "RE8207", "R68743", "AL35471", "R48111"]}}, {"model": "core.shop", "pk": 4, "fields": {"address": "шосе Сімферопольська, буд. 940, Броди, 24844", "location": "50.75932,25.34244", "part": ["AX60256", "AL34480", "AL34300", "RE68427", "AL92205", "RE52005", "AX19659", "AH93554", "AL67778", "AXE74793", "RE1692", "RE8207", "R68743", "AL35471", "R48111"]}}, {"model": "core.shop", "pk": 5, "fields": {"address": "вулиця Контрадмірала Луніна, буд. 8 кв. 30, Пологи , 63494", "location": "51.67822,33.9162", "part": ["AX60256", "AL34480", "AL34300", "RE68427", "AL92205", "RE52005", "AX19659", "AH93554", "AL67778", "AXE74793", "RE1692", "RE8207", "R68743", "AL35471", "R48111"]}}, {"model": "accounts.customuser", "pk": "aa0aec5c-26f6-411b-8f1a-1f97da1e7edf", "fields": {"password": "pbkdf2_sha256$390000$bhscrnCgnbQXvNoX9DlU0m$X59e739Ibt/RMOX3P/KKfAyNqbZiSp78XrB8fcR0vXY=", "last_login": "2022-11-20T11:48:28.967Z", "is_superuser": true, "email": "zhydykalex@ukr.net", "username": null, "is_staff": true, "is_active": true, "date_joined": "2022-11-20T11:48:21.431Z", "groups": [], "user_permissions": []}}, {"model": "accounts.profile", "pk": "aa0aec5c-26f6-411b-8f1a-1f97da1e7edf", "fields": {"phone_number": null, "date_created": "2022-11-20T11:48:21.797Z", "photo": "/empty_avatar.png", "email": "zhydykalex@ukr.net", "first_name": "", "last_name": "", "address": null}}, {"model": "accounts.comment", "pk": 1, "fields": {"user": "aa0aec5c-26f6-411b-8f1a-1f97da1e7edf", "part": "AX60256", "comment": "good quality", "created": "2022-11-20T13:00:02.551Z"}}, {"model": "accounts.comment", "pk": 2, "fields": {"user": "aa0aec5c-26f6-411b-8f1a-1f97da1e7edf", "part": "AL34480", "comment": "expensive", "created": "2022-11-20T13:00:28.520Z"}}, {"model": "accounts.comment", "pk": 3, "fields": {"user": "aa0aec5c-26f6-411b-8f1a-1f97da1e7edf", "part": "RE1692", "comment": "good shop", "created": "2022-11-20T13:00:43.858Z"}}, {"model": "accounts.comment", "pk": 4, "fields": {"user": "aa0aec5c-26f6-411b-8f1a-1f97da1e7edf", "part": "RE42754", "comment": "durable supplier", "created": "2022-11-20T13:02:11.841Z"}}, {"model": "accounts.comment", "pk": 5, "fields": {"user": "aa0aec5c-26f6-411b-8f1a-1f97da1e7edf", "part": "AX29891", "comment": "part fitted good", "created": "2022-11-20T13:09:57.106Z"}}, {"model": "accounts.comment", "pk": 6, "fields": {"user": "aa0aec5c-26f6-411b-8f1a-1f97da1e7edf", "part": "R48111", "comment": "quick delivery", "created": "2022-11-20T13:10:17.668Z"}}, {"model": "catalogue.part", "pk": "AH61325", "fields": {"part_name": "sprocket", "price": 32.17, "discount_price": 1.0, "date_created": "2022-11-20T11:48:43.957Z", "image": "generated_part_pic/AH61325.png", "description": "Save perhaps no well dream. Environment oil arm under star ago itself. Your girl action officer. Instead drug help measure.", "stock_quantity": 19, "machine_system": 8}}, {"model": "catalogue.part", "pk": "AH93554", "fields": {"part_name": "nut", "price": 427.87, "discount_price": 0.92, "date_created": "2022-11-20T11:48:44.103Z", "image": "generated_part_pic/AH93554.png", "description": "Memory nor laugh claim. Beyond list believe side language memory. Record religious suffer scene night deep.", "stock_quantity": 80, "machine_system": 6}}, {"model": "catalogue.part", "pk": "AL34300", "fields": {"part_name": "shaft", "price": 209.92, "discount_price": 0.55, "date_created": "2022-11-20T11:48:43.936Z", "image": "generated_part_pic/AL34300.png", "description": "Black issue street base memory between beautiful. Rich boy your west. Live full chance discussion. Control woman partner travel voice just. Bad federal read culture bill.", "stock_quantity": 37, "machine_system": 5}}, {"model": "catalogue.part", "pk": "AL34480", "fields": {"part_name": "shaft", "price": 379.22, "discount_price": 0.65, "date_created": "2022-11-20T11:48:43.918Z", "image": "generated_part_pic/AL34480.png", "description": "Tend factor suffer owner. Well Congress you big authority. Condition owner win. Knowledge teacher station seat president.", "stock_quantity": 51, "machine_system": 2}}, {"model": "catalogue.part", "pk": "AL35471", "fields": {"part_name": "bearing", "price": 234.64, "discount_price": 0.81, "date_created": "2022-11-20T11:48:43.897Z", "image": "generated_part_pic/AL35471.png", "description": "Off nearly charge themselves across line. Once son together century already. Sound note civil choice surface others. Financial many there foot your analysis yard produce. Commercial popular key trip business letter product.", "stock_quantity": 20, "machine_system": 11}}, {"model": "catalogue.part", "pk": "AL67778", "fields": {"part_name": "bearing", "price": 223.23, "discount_price": 0.58, "date_created": "2022-11-20T11:48:44.116Z", "image": "generated_part_pic/AL67778.png", "description": "Discover care religious turn approach because. Under station tend director product. Else head ten why.", "stock_quantity": 74, "machine_system": 8}}, {"model": "catalogue.part", "pk": "AL92205", "fields": {"part_name": "shaft key", "price": 293.78, "discount_price": 0.58, "date_created": "2022-11-20T11:48:44.007Z", "image": "generated_part_pic/AL92205.png", "description": "Certainly beyond person none charge. Unit century federal open eight. Everybody serve ready building debate him black.", "stock_quantity": 27, "machine_system": 7}}, {"model": "catalogue.part", "pk": "AX19659", "fields": {"part_name": "nut", "price": 198.46, "discount_price": 0.66, "date_created": "2022-11-20T11:48:44.075Z", "image": "generated_part_pic/AX19659.png", "description": "Partner important spend. Our leg rich respond candidate form generation.", "stock_quantity": 94, "machine_system": 8}}, {"model": "catalogue.part", "pk": "AX29891", "fields": {"part_name": "sprocket", "price": 431.09, "discount_price": 0.75, "date_created": "2022-11-20T13:00:00.097Z", "image": "generated_part_pic/AX29891.png", "description": "Health east usually everybody child market detail. Worry also bed rather drive. Remember senior news camera miss fight common smile.", "stock_quantity": 2, "machine_system": 3}}, {"model": "catalogue.part", "pk": "AX60256", "fields": {"part_name": "shaft key", "price": 472.64, "discount_price": 0.65, "date_created": "2022-11-20T11:48:43.881Z", "image": "generated_part_pic/AX60256.png", "description": "Several low go a reflect paper. Everybody nothing deal outside subject help. Speech free hotel. Among age form ground protect beyond particular.", "stock_quantity": 77, "machine_system": 1}}, {"model": "catalogue.part", "pk": "AXE74793", "fields": {"part_name": "shaft", "price": 362.17, "discount_price": 1.0, "date_created": "2022-11-20T11:48:44.089Z", "image": "generated_part_pic/AXE74793.png", "description": "Nature today worry join both fear. Late young life often college. Agency instead policy them strategy senior white.", "stock_quantity": 62, "machine_system": 8}}, {"model": "catalogue.part", "pk": "JPG12596", "fields": {"part_name": "StarFire 6000", "price": 3500.0, "discount_price": 1.0, "date_created": "2022-11-20T13:14:40.749Z", "image": "part_photos/empty_part_image.png", "description": "GPS antenna", "stock_quantity": 3, "machine_system": 10}}, {"model": "catalogue.part", "pk": "R48101", "fields": {"part_name": "sprocket", "price": 193.99, "discount_price": 0.62, "date_created": "2022-11-20T13:15:32.054Z", "image": "generated_part_pic/R48111.png", "description": "Certain budget a than clear certainly base author. Design hair skin exist way. Might during test lot call they herself will. True half go whose.", "stock_quantity": 73, "machine_system": 11}}, {"model": "catalogue.part", "pk": "R48111", "fields": {"part_name": "sprocket", "price": 193.99, "discount_price": 0.62, "date_created": "2022-11-20T11:48:44.060Z", "image": "generated_part_pic/R48111.png", "description": "Certain budget a than clear certainly base author. Design hair skin exist way. Might during test lot call they herself will. True half go whose.", "stock_quantity": 73, "machine_system": 5}}, {"model": "catalogue.part", "pk": "R68743", "fields": {"part_name": "shaft key", "price": 258.23, "discount_price": 0.69, "date_created": "2022-11-20T12:30:00.331Z", "image": "generated_part_pic/R68743.png", "description": "Claim plan program sure enough. Mother tough question high fact positive democratic stand.", "stock_quantity": 74, "machine_system": 4}}, {"model": "catalogue.part", "pk": "RE123456", "fields": {"part_name": "rod", "price": 35.2, "discount_price": 1.0, "date_created": "2022-11-20T11:53:09.066Z", "image": "part_photos/empty_part_image.png", "description": "", "stock_quantity": 3, "machine_system": 1}}, {"model": "catalogue.part", "pk": "RE1692", "fields": {"part_name": "bearing", "price": 392.16, "discount_price": 1.0, "date_created": "2022-11-20T11:48:43.855Z", "image": "generated_part_pic/RE1692.png", "description": "Sell full recent agree energy. Hear it worker again animal purpose.", "stock_quantity": 82, "machine_system": 8}}, {"model": "catalogue.part", "pk": "RE42754", "fields": {"part_name": "sprocket", "price": 77.35, "discount_price": 0.6, "date_created": "2022-11-20T11:48:43.990Z", "image": "generated_part_pic/RE42754.png", "description": "Fund new piece move degree be position artist. Air second ready.", "stock_quantity": 35, "machine_system": 3}}, {"model": "catalogue.part", "pk": "RE52005", "fields": {"part_name": "nut", "price": 363.55, "discount_price": 0.87, "date_created": "2022-11-20T11:48:44.021Z", "image": "generated_part_pic/RE52005.png", "description": "Against feeling condition game rule discussion color. Theory season enjoy occur experience future human off. Never beyond we somebody common.", "stock_quantity": 24, "machine_system": 5}}, {"model": "catalogue.part", "pk": "RE68427", "fields": {"part_name": "nut", "price": 257.97, "discount_price": 0.85, "date_created": "2022-11-20T11:48:43.974Z", "image": "generated_part_pic/RE68427.png", "description": "Value three include same anyone break. Personal may course dinner collection. North hotel fire until hair.", "stock_quantity": 78, "machine_system": 3}}, {"model": "catalogue.part", "pk": "RE8207", "fields": {"part_name": "shaft", "price": 241.83, "discount_price": 0.93, "date_created": "2022-11-20T12:00:00.113Z", "image": "generated_part_pic/RE8207.png", "description": "Let end forget. Technology any standard record. Door vote truth only west paper. Seek outside including second official.", "stock_quantity": 14, "machine_system": 5}}, {"model": "catalogue.machinemodel", "pk": 1, "fields": {"model": "R4031", "machine_type": 3, "part": ["AH61325", "AL35471", "AL92205", "RE42754", "RE52005"]}}, {"model": "catalogue.machinemodel", "pk": 2, "fields": {"model": "W634", "machine_type": 2, "part": ["AH61325", "AL35471", "AL92205", "RE42754", "RE52005"]}}, {"model": "catalogue.machinemodel", "pk": 3, "fields": {"model": "KT315-26", "machine_type": 5, "part": ["AH61325", "AL35471", "AL92205", "RE42754", "RE52005"]}}, {"model": "catalogue.machinemodel", "pk": 4, "fields": {"model": "735R", "machine_type": 1, "part": ["AH61325", "AL35471", "AL92205", "RE42754", "RE52005"]}}, {"model": "catalogue.machinemodel", "pk": 5, "fields": {"model": "M4032", "machine_type": 3, "part": ["AH61325", "AL35471", "AL92205", "RE42754", "RE52005"]}}, {"model": "catalogue.machinemodel", "pk": 6, "fields": {"model": "KT315-28", "machine_type": 5, "part": ["AH61325", "AL35471", "AL92205", "RE42754", "RE52005"]}}, {"model": "catalogue.machinemodel", "pk": 7, "fields": {"model": "8291", "machine_type": 4, "part": ["AH61325", "AL35471", "AL92205", "RE42754", "RE52005"]}}]