[{"model": "admin.logentry", "pk": 1, "fields": {"action_time": "2022-11-20T20:36:22.074Z", "user": "0752a1e1-c983-4e9d-91fe-4bf645da7f43", "content_type": 21, "object_id": "RE123456", "object_repr": "RE123456", "action_flag": 1, "change_message": "[{\"added\": {}}]"}}, {"model": "admin.logentry", "pk": 2, "fields": {"action_time": "2022-11-20T20:37:13.583Z", "user": "0752a1e1-c983-4e9d-91fe-4bf645da7f43", "content_type": 21, "object_id": "JDG10412", "object_repr": "JDG10412", "action_flag": 1, "change_message": "[{\"added\": {}}]"}}, {"model": "admin.logentry", "pk": 3, "fields": {"action_time": "2022-11-20T21:10:58.536Z", "user": "0752a1e1-c983-4e9d-91fe-4bf645da7f43", "content_type": 21, "object_id": "AX15039", "object_repr": "AX15039", "action_flag": 3, "change_message": ""}}, {"model": "admin.logentry", "pk": 4, "fields": {"action_time": "2022-11-20T21:15:40.275Z", "user": "0752a1e1-c983-4e9d-91fe-4bf645da7f43", "content_type": 20, "object_id": "1", "object_repr": "Comment object (1)", "action_flag": 1, "change_message": "[{\"added\": {}}]"}}, {"model": "admin.logentry", "pk": 5, "fields": {"action_time": "2022-11-20T21:16:10.740Z", "user": "0752a1e1-c983-4e9d-91fe-4bf645da7f43", "content_type": 20, "object_id": "2", "object_repr": "Comment object (2)", "action_flag": 1, "change_message": "[{\"added\": {}}]"}}, {"model": "admin.logentry", "pk": 6, "fields": {"action_time": "2022-11-20T21:16:55.743Z", "user": "0752a1e1-c983-4e9d-91fe-4bf645da7f43", "content_type": 20, "object_id": "3", "object_repr": "Comment object (3)", "action_flag": 1, "change_message": "[{\"added\": {}}]"}}, {"model": "admin.logentry", "pk": 7, "fields": {"action_time": "2022-11-20T21:17:27.199Z", "user": "0752a1e1-c983-4e9d-91fe-4bf645da7f43", "content_type": 20, "object_id": "4", "object_repr": "Comment object (4)", "action_flag": 1, "change_message": "[{\"added\": {}}]"}}, {"model": "admin.logentry", "pk": 8, "fields": {"action_time": "2022-11-20T21:17:54.514Z", "user": "0752a1e1-c983-4e9d-91fe-4bf645da7f43", "content_type": 20, "object_id": "5", "object_repr": "Comment object (5)", "action_flag": 1, "change_message": "[{\"added\": {}}]"}}, {"model": "admin.logentry", "pk": 9, "fields": {"action_time": "2022-11-20T21:21:15.055Z", "user": "0752a1e1-c983-4e9d-91fe-4bf645da7f43", "content_type": 21, "object_id": "RE654789", "object_repr": "RE654789", "action_flag": 1, "change_message": "[{\"added\": {}}]"}}, {"model": "admin.logentry", "pk": 10, "fields": {"action_time": "2022-11-20T21:21:27.648Z", "user": "0752a1e1-c983-4e9d-91fe-4bf645da7f43", "content_type": 21, "object_id": "RE654789", "object_repr": "RE654789", "action_flag": 2, "change_message": "[{\"changed\": {\"fields\": [\"Machine type\"]}}]"}}, {"model": "admin.logentry", "pk": 11, "fields": {"action_time": "2022-11-21T16:17:27.211Z", "user": "0752a1e1-c983-4e9d-91fe-4bf645da7f43", "content_type": 18, "object_id": "f9d7d29b-8452-4460-b661-67b6c3e15a26", "object_repr": "alex11m@ukr.net", "action_flag": 3, "change_message": ""}}, {"model": "admin.logentry", "pk": 12, "fields": {"action_time": "2022-11-21T17:31:27.516Z", "user": "0752a1e1-c983-4e9d-91fe-4bf645da7f43", "content_type": 18, "object_id": "73df2f58-7a9a-4a3c-858a-3cc5745af81a", "object_repr": "alex11m@ukr.net", "action_flag": 3, "change_message": ""}}, {"model": "admin.logentry", "pk": 13, "fields": {"action_time": "2022-11-21T17:37:16.256Z", "user": "0752a1e1-c983-4e9d-91fe-4bf645da7f43", "content_type": 18, "object_id": "481f7d9c-2665-4ede-862b-242cc95249bd", "object_repr": "alexosgt1@gmail.com", "action_flag": 3, "change_message": ""}}, {"model": "admin.logentry", "pk": 14, "fields": {"action_time": "2022-11-21T17:45:37.532Z", "user": "0752a1e1-c983-4e9d-91fe-4bf645da7f43", "content_type": 18, "object_id": "8365cfac-fdb9-4b4d-9215-39a673f7f7ad", "object_repr": "alex11m@ukr.net", "action_flag": 3, "change_message": ""}}, {"model": "admin.logentry", "pk": 15, "fields": {"action_time": "2022-11-21T18:08:38.097Z", "user": "0752a1e1-c983-4e9d-91fe-4bf645da7f43", "content_type": 18, "object_id": "97042c2f-f35c-4560-8154-cca3f78a08dc", "object_repr": "alex11m@ukr.net", "action_flag": 3, "change_message": ""}}, {"model": "admin.logentry", "pk": 16, "fields": {"action_time": "2022-11-21T18:27:21.135Z", "user": "0752a1e1-c983-4e9d-91fe-4bf645da7f43", "content_type": 9, "object_id": "1", "object_repr": "Google register", "action_flag": 1, "change_message": "[{\"added\": {}}]"}}, {"model": "admin.logentry", "pk": 17, "fields": {"action_time": "2022-11-21T18:27:42.296Z", "user": "0752a1e1-c983-4e9d-91fe-4bf645da7f43", "content_type": 9, "object_id": "1", "object_repr": "Google register", "action_flag": 2, "change_message": "[{\"changed\": {\"fields\": [\"Secret key\"]}}]"}}, {"model": "admin.logentry", "pk": 18, "fields": {"action_time": "2022-11-21T18:50:26.669Z", "user": "0752a1e1-c983-4e9d-91fe-4bf645da7f43", "content_type": 18, "object_id": "1ebf0514-c93e-456a-b6ec-ff763e0b1c23", "object_repr": "alexosgt1@gmail.com", "action_flag": 3, "change_message": ""}}, {"model": "admin.logentry", "pk": 19, "fields": {"action_time": "2022-11-21T18:50:26.691Z", "user": "0752a1e1-c983-4e9d-91fe-4bf645da7f43", "content_type": 18, "object_id": "81b30838-418f-4add-8aae-8f43a541d75c", "object_repr": "alex11m@ukr.net", "action_flag": 3, "change_message": ""}}, {"model": "admin.logentry", "pk": 20, "fields": {"action_time": "2022-11-21T20:39:43.086Z", "user": "0752a1e1-c983-4e9d-91fe-4bf645da7f43", "content_type": 22, "object_id": "6", "object_repr": "524D", "action_flag": 3, "change_message": ""}}, {"model": "admin.logentry", "pk": 21, "fields": {"action_time": "2022-11-21T20:39:43.107Z", "user": "0752a1e1-c983-4e9d-91fe-4bf645da7f43", "content_type": 22, "object_id": "5", "object_repr": "R4044", "action_flag": 3, "change_message": ""}}, {"model": "admin.logentry", "pk": 22, "fields": {"action_time": "2022-11-21T20:39:43.135Z", "user": "0752a1e1-c983-4e9d-91fe-4bf645da7f43", "content_type": 22, "object_id": "4", "object_repr": "M4034", "action_flag": 3, "change_message": ""}}, {"model": "admin.logentry", "pk": 23, "fields": {"action_time": "2022-11-21T20:39:43.160Z", "user": "0752a1e1-c983-4e9d-91fe-4bf645da7f43", "content_type": 22, "object_id": "3", "object_repr": "8324", "action_flag": 3, "change_message": ""}}, {"model": "admin.logentry", "pk": 24, "fields": {"action_time": "2022-11-21T20:39:43.190Z", "user": "0752a1e1-c983-4e9d-91fe-4bf645da7f43", "content_type": 22, "object_id": "2", "object_repr": "KT315-26", "action_flag": 3, "change_message": ""}}, {"model": "admin.logentry", "pk": 25, "fields": {"action_time": "2022-11-21T20:39:43.227Z", "user": "0752a1e1-c983-4e9d-91fe-4bf645da7f43", "content_type": 22, "object_id": "1", "object_repr": "M4033", "action_flag": 3, "change_message": ""}}, {"model": "admin.logentry", "pk": 26, "fields": {"action_time": "2022-11-21T20:42:26.300Z", "user": "0752a1e1-c983-4e9d-91fe-4bf645da7f43", "content_type": 17, "object_id": "5", "object_repr": "проспект Базарна, буд. 48, Судова Вишня, 88025", "action_flag": 3, "change_message": ""}}, {"model": "admin.logentry", "pk": 27, "fields": {"action_time": "2022-11-21T20:42:26.325Z", "user": "0752a1e1-c983-4e9d-91fe-4bf645da7f43", "content_type": 17, "object_id": "4", "object_repr": "шосе Рівний, буд. 88 кв. 893, Остер , 14891", "action_flag": 3, "change_message": ""}}, {"model": "admin.logentry", "pk": 28, "fields": {"action_time": "2022-11-21T20:42:26.343Z", "user": "0752a1e1-c983-4e9d-91fe-4bf645da7f43", "content_type": 17, "object_id": "3", "object_repr": "вулиця Яблучна, буд. 82 кв. 5, Слов'янськ, 43827", "action_flag": 3, "change_message": ""}}, {"model": "admin.logentry", "pk": 29, "fields": {"action_time": "2022-11-21T20:42:26.364Z", "user": "0752a1e1-c983-4e9d-91fe-4bf645da7f43", "content_type": 17, "object_id": "2", "object_repr": "вулиця Висока, буд. 5, Бершадь, 13308", "action_flag": 3, "change_message": ""}}, {"model": "admin.logentry", "pk": 30, "fields": {"action_time": "2022-11-21T20:42:26.394Z", "user": "0752a1e1-c983-4e9d-91fe-4bf645da7f43", "content_type": 17, "object_id": "1", "object_repr": "проспект Лунний, буд. 5 кв. 80, Моспине, 50929", "action_flag": 3, "change_message": ""}}, {"model": "admin.logentry", "pk": 31, "fields": {"action_time": "2022-11-21T20:44:59.735Z", "user": "0752a1e1-c983-4e9d-91fe-4bf645da7f43", "content_type": 20, "object_id": "6", "object_repr": "Comment object (6)", "action_flag": 1, "change_message": "[{\"added\": {}}]"}}, {"model": "admin.logentry", "pk": 32, "fields": {"action_time": "2022-11-21T20:45:14.397Z", "user": "0752a1e1-c983-4e9d-91fe-4bf645da7f43", "content_type": 20, "object_id": "7", "object_repr": "Comment object (7)", "action_flag": 1, "change_message": "[{\"added\": {}}]"}}, {"model": "admin.logentry", "pk": 33, "fields": {"action_time": "2022-11-21T20:45:24.096Z", "user": "0752a1e1-c983-4e9d-91fe-4bf645da7f43", "content_type": 20, "object_id": "8", "object_repr": "Comment object (8)", "action_flag": 1, "change_message": "[{\"added\": {}}]"}}, {"model": "admin.logentry", "pk": 34, "fields": {"action_time": "2022-11-21T20:45:38.129Z", "user": "0752a1e1-c983-4e9d-91fe-4bf645da7f43", "content_type": 20, "object_id": "9", "object_repr": "Comment object (9)", "action_flag": 1, "change_message": "[{\"added\": {}}]"}}, {"model": "auth.permission", "pk": 1, "fields": {"name": "Can add log entry", "content_type": 1, "codename": "add_logentry"}}, {"model": "auth.permission", "pk": 2, "fields": {"name": "Can change log entry", "content_type": 1, "codename": "change_logentry"}}, {"model": "auth.permission", "pk": 3, "fields": {"name": "Can delete log entry", "content_type": 1, "codename": "delete_logentry"}}, {"model": "auth.permission", "pk": 4, "fields": {"name": "Can view log entry", "content_type": 1, "codename": "view_logentry"}}, {"model": "auth.permission", "pk": 5, "fields": {"name": "Can add permission", "content_type": 2, "codename": "add_permission"}}, {"model": "auth.permission", "pk": 6, "fields": {"name": "Can change permission", "content_type": 2, "codename": "change_permission"}}, {"model": "auth.permission", "pk": 7, "fields": {"name": "Can delete permission", "content_type": 2, "codename": "delete_permission"}}, {"model": "auth.permission", "pk": 8, "fields": {"name": "Can view permission", "content_type": 2, "codename": "view_permission"}}, {"model": "auth.permission", "pk": 9, "fields": {"name": "Can add group", "content_type": 3, "codename": "add_group"}}, {"model": "auth.permission", "pk": 10, "fields": {"name": "Can change group", "content_type": 3, "codename": "change_group"}}, {"model": "auth.permission", "pk": 11, "fields": {"name": "Can delete group", "content_type": 3, "codename": "delete_group"}}, {"model": "auth.permission", "pk": 12, "fields": {"name": "Can view group", "content_type": 3, "codename": "view_group"}}, {"model": "auth.permission", "pk": 13, "fields": {"name": "Can add content type", "content_type": 4, "codename": "add_contenttype"}}, {"model": "auth.permission", "pk": 14, "fields": {"name": "Can change content type", "content_type": 4, "codename": "change_contenttype"}}, {"model": "auth.permission", "pk": 15, "fields": {"name": "Can delete content type", "content_type": 4, "codename": "delete_contenttype"}}, {"model": "auth.permission", "pk": 16, "fields": {"name": "Can view content type", "content_type": 4, "codename": "view_contenttype"}}, {"model": "auth.permission", "pk": 17, "fields": {"name": "Can add session", "content_type": 5, "codename": "add_session"}}, {"model": "auth.permission", "pk": 18, "fields": {"name": "Can change session", "content_type": 5, "codename": "change_session"}}, {"model": "auth.permission", "pk": 19, "fields": {"name": "Can delete session", "content_type": 5, "codename": "delete_session"}}, {"model": "auth.permission", "pk": 20, "fields": {"name": "Can view session", "content_type": 5, "codename": "view_session"}}, {"model": "auth.permission", "pk": 21, "fields": {"name": "Can add email address", "content_type": 6, "codename": "add_emailaddress"}}, {"model": "auth.permission", "pk": 22, "fields": {"name": "Can change email address", "content_type": 6, "codename": "change_emailaddress"}}, {"model": "auth.permission", "pk": 23, "fields": {"name": "Can delete email address", "content_type": 6, "codename": "delete_emailaddress"}}, {"model": "auth.permission", "pk": 24, "fields": {"name": "Can view email address", "content_type": 6, "codename": "view_emailaddress"}}, {"model": "auth.permission", "pk": 25, "fields": {"name": "Can add email confirmation", "content_type": 7, "codename": "add_emailconfirmation"}}, {"model": "auth.permission", "pk": 26, "fields": {"name": "Can change email confirmation", "content_type": 7, "codename": "change_emailconfirmation"}}, {"model": "auth.permission", "pk": 27, "fields": {"name": "Can delete email confirmation", "content_type": 7, "codename": "delete_emailconfirmation"}}, {"model": "auth.permission", "pk": 28, "fields": {"name": "Can view email confirmation", "content_type": 7, "codename": "view_emailconfirmation"}}, {"model": "auth.permission", "pk": 29, "fields": {"name": "Can add social account", "content_type": 8, "codename": "add_socialaccount"}}, {"model": "auth.permission", "pk": 30, "fields": {"name": "Can change social account", "content_type": 8, "codename": "change_socialaccount"}}, {"model": "auth.permission", "pk": 31, "fields": {"name": "Can delete social account", "content_type": 8, "codename": "delete_socialaccount"}}, {"model": "auth.permission", "pk": 32, "fields": {"name": "Can view social account", "content_type": 8, "codename": "view_socialaccount"}}, {"model": "auth.permission", "pk": 33, "fields": {"name": "Can add social application", "content_type": 9, "codename": "add_socialapp"}}, {"model": "auth.permission", "pk": 34, "fields": {"name": "Can change social application", "content_type": 9, "codename": "change_socialapp"}}, {"model": "auth.permission", "pk": 35, "fields": {"name": "Can delete social application", "content_type": 9, "codename": "delete_socialapp"}}, {"model": "auth.permission", "pk": 36, "fields": {"name": "Can view social application", "content_type": 9, "codename": "view_socialapp"}}, {"model": "auth.permission", "pk": 37, "fields": {"name": "Can add social application token", "content_type": 10, "codename": "add_socialtoken"}}, {"model": "auth.permission", "pk": 38, "fields": {"name": "Can change social application token", "content_type": 10, "codename": "change_socialtoken"}}, {"model": "auth.permission", "pk": 39, "fields": {"name": "Can delete social application token", "content_type": 10, "codename": "delete_socialtoken"}}, {"model": "auth.permission", "pk": 40, "fields": {"name": "Can view social application token", "content_type": 10, "codename": "view_socialtoken"}}, {"model": "auth.permission", "pk": 41, "fields": {"name": "Can add crontab", "content_type": 11, "codename": "add_crontabschedule"}}, {"model": "auth.permission", "pk": 42, "fields": {"name": "Can change crontab", "content_type": 11, "codename": "change_crontabschedule"}}, {"model": "auth.permission", "pk": 43, "fields": {"name": "Can delete crontab", "content_type": 11, "codename": "delete_crontabschedule"}}, {"model": "auth.permission", "pk": 44, "fields": {"name": "Can view crontab", "content_type": 11, "codename": "view_crontabschedule"}}, {"model": "auth.permission", "pk": 45, "fields": {"name": "Can add interval", "content_type": 12, "codename": "add_intervalschedule"}}, {"model": "auth.permission", "pk": 46, "fields": {"name": "Can change interval", "content_type": 12, "codename": "change_intervalschedule"}}, {"model": "auth.permission", "pk": 47, "fields": {"name": "Can delete interval", "content_type": 12, "codename": "delete_intervalschedule"}}, {"model": "auth.permission", "pk": 48, "fields": {"name": "Can view interval", "content_type": 12, "codename": "view_intervalschedule"}}, {"model": "auth.permission", "pk": 49, "fields": {"name": "Can add periodic task", "content_type": 13, "codename": "add_periodictask"}}, {"model": "auth.permission", "pk": 50, "fields": {"name": "Can change periodic task", "content_type": 13, "codename": "change_periodictask"}}, {"model": "auth.permission", "pk": 51, "fields": {"name": "Can delete periodic task", "content_type": 13, "codename": "delete_periodictask"}}, {"model": "auth.permission", "pk": 52, "fields": {"name": "Can view periodic task", "content_type": 13, "codename": "view_periodictask"}}, {"model": "auth.permission", "pk": 53, "fields": {"name": "Can add periodic tasks", "content_type": 14, "codename": "add_periodictasks"}}, {"model": "auth.permission", "pk": 54, "fields": {"name": "Can change periodic tasks", "content_type": 14, "codename": "change_periodictasks"}}, {"model": "auth.permission", "pk": 55, "fields": {"name": "Can delete periodic tasks", "content_type": 14, "codename": "delete_periodictasks"}}, {"model": "auth.permission", "pk": 56, "fields": {"name": "Can view periodic tasks", "content_type": 14, "codename": "view_periodictasks"}}, {"model": "auth.permission", "pk": 57, "fields": {"name": "Can add solar event", "content_type": 15, "codename": "add_solarschedule"}}, {"model": "auth.permission", "pk": 58, "fields": {"name": "Can change solar event", "content_type": 15, "codename": "change_solarschedule"}}, {"model": "auth.permission", "pk": 59, "fields": {"name": "Can delete solar event", "content_type": 15, "codename": "delete_solarschedule"}}, {"model": "auth.permission", "pk": 60, "fields": {"name": "Can view solar event", "content_type": 15, "codename": "view_solarschedule"}}, {"model": "auth.permission", "pk": 61, "fields": {"name": "Can add clocked", "content_type": 16, "codename": "add_clockedschedule"}}, {"model": "auth.permission", "pk": 62, "fields": {"name": "Can change clocked", "content_type": 16, "codename": "change_clockedschedule"}}, {"model": "auth.permission", "pk": 63, "fields": {"name": "Can delete clocked", "content_type": 16, "codename": "delete_clockedschedule"}}, {"model": "auth.permission", "pk": 64, "fields": {"name": "Can view clocked", "content_type": 16, "codename": "view_clockedschedule"}}, {"model": "auth.permission", "pk": 65, "fields": {"name": "Can add shop", "content_type": 17, "codename": "add_shop"}}, {"model": "auth.permission", "pk": 66, "fields": {"name": "Can change shop", "content_type": 17, "codename": "change_shop"}}, {"model": "auth.permission", "pk": 67, "fields": {"name": "Can delete shop", "content_type": 17, "codename": "delete_shop"}}, {"model": "auth.permission", "pk": 68, "fields": {"name": "Can view shop", "content_type": 17, "codename": "view_shop"}}, {"model": "auth.permission", "pk": 69, "fields": {"name": "Can add custom_user", "content_type": 18, "codename": "add_customuser"}}, {"model": "auth.permission", "pk": 70, "fields": {"name": "Can change custom_user", "content_type": 18, "codename": "change_customuser"}}, {"model": "auth.permission", "pk": 71, "fields": {"name": "Can delete custom_user", "content_type": 18, "codename": "delete_customuser"}}, {"model": "auth.permission", "pk": 72, "fields": {"name": "Can view custom_user", "content_type": 18, "codename": "view_customuser"}}, {"model": "auth.permission", "pk": 73, "fields": {"name": "Can add profile", "content_type": 19, "codename": "add_profile"}}, {"model": "auth.permission", "pk": 74, "fields": {"name": "Can change profile", "content_type": 19, "codename": "change_profile"}}, {"model": "auth.permission", "pk": 75, "fields": {"name": "Can delete profile", "content_type": 19, "codename": "delete_profile"}}, {"model": "auth.permission", "pk": 76, "fields": {"name": "Can view profile", "content_type": 19, "codename": "view_profile"}}, {"model": "auth.permission", "pk": 77, "fields": {"name": "Can add comment", "content_type": 20, "codename": "add_comment"}}, {"model": "auth.permission", "pk": 78, "fields": {"name": "Can change comment", "content_type": 20, "codename": "change_comment"}}, {"model": "auth.permission", "pk": 79, "fields": {"name": "Can delete comment", "content_type": 20, "codename": "delete_comment"}}, {"model": "auth.permission", "pk": 80, "fields": {"name": "Can view comment", "content_type": 20, "codename": "view_comment"}}, {"model": "auth.permission", "pk": 81, "fields": {"name": "Can add part", "content_type": 21, "codename": "add_part"}}, {"model": "auth.permission", "pk": 82, "fields": {"name": "Can change part", "content_type": 21, "codename": "change_part"}}, {"model": "auth.permission", "pk": 83, "fields": {"name": "Can delete part", "content_type": 21, "codename": "delete_part"}}, {"model": "auth.permission", "pk": 84, "fields": {"name": "Can view part", "content_type": 21, "codename": "view_part"}}, {"model": "auth.permission", "pk": 85, "fields": {"name": "Can add machine model", "content_type": 22, "codename": "add_machinemodel"}}, {"model": "auth.permission", "pk": 86, "fields": {"name": "Can change machine model", "content_type": 22, "codename": "change_machinemodel"}}, {"model": "auth.permission", "pk": 87, "fields": {"name": "Can delete machine model", "content_type": 22, "codename": "delete_machinemodel"}}, {"model": "auth.permission", "pk": 88, "fields": {"name": "Can view machine model", "content_type": 22, "codename": "view_machinemodel"}}, {"model": "auth.permission", "pk": 89, "fields": {"name": "Can add cart", "content_type": 23, "codename": "add_cart"}}, {"model": "auth.permission", "pk": 90, "fields": {"name": "Can change cart", "content_type": 23, "codename": "change_cart"}}, {"model": "auth.permission", "pk": 91, "fields": {"name": "Can delete cart", "content_type": 23, "codename": "delete_cart"}}, {"model": "auth.permission", "pk": 92, "fields": {"name": "Can view cart", "content_type": 23, "codename": "view_cart"}}, {"model": "auth.permission", "pk": 93, "fields": {"name": "Can add cart item", "content_type": 24, "codename": "add_cartitem"}}, {"model": "auth.permission", "pk": 94, "fields": {"name": "Can change cart item", "content_type": 24, "codename": "change_cartitem"}}, {"model": "auth.permission", "pk": 95, "fields": {"name": "Can delete cart item", "content_type": 24, "codename": "delete_cartitem"}}, {"model": "auth.permission", "pk": 96, "fields": {"name": "Can view cart item", "content_type": 24, "codename": "view_cartitem"}}, {"model": "contenttypes.contenttype", "pk": 1, "fields": {"app_label": "admin", "model": "logentry"}}, {"model": "contenttypes.contenttype", "pk": 2, "fields": {"app_label": "auth", "model": "permission"}}, {"model": "contenttypes.contenttype", "pk": 3, "fields": {"app_label": "auth", "model": "group"}}, {"model": "contenttypes.contenttype", "pk": 4, "fields": {"app_label": "contenttypes", "model": "contenttype"}}, {"model": "contenttypes.contenttype", "pk": 5, "fields": {"app_label": "sessions", "model": "session"}}, {"model": "contenttypes.contenttype", "pk": 6, "fields": {"app_label": "account", "model": "emailaddress"}}, {"model": "contenttypes.contenttype", "pk": 7, "fields": {"app_label": "account", "model": "emailconfirmation"}}, {"model": "contenttypes.contenttype", "pk": 8, "fields": {"app_label": "socialaccount", "model": "socialaccount"}}, {"model": "contenttypes.contenttype", "pk": 9, "fields": {"app_label": "socialaccount", "model": "socialapp"}}, {"model": "contenttypes.contenttype", "pk": 10, "fields": {"app_label": "socialaccount", "model": "socialtoken"}}, {"model": "contenttypes.contenttype", "pk": 11, "fields": {"app_label": "django_celery_beat", "model": "crontabschedule"}}, {"model": "contenttypes.contenttype", "pk": 12, "fields": {"app_label": "django_celery_beat", "model": "intervalschedule"}}, {"model": "contenttypes.contenttype", "pk": 13, "fields": {"app_label": "django_celery_beat", "model": "periodictask"}}, {"model": "contenttypes.contenttype", "pk": 14, "fields": {"app_label": "django_celery_beat", "model": "periodictasks"}}, {"model": "contenttypes.contenttype", "pk": 15, "fields": {"app_label": "django_celery_beat", "model": "solarschedule"}}, {"model": "contenttypes.contenttype", "pk": 16, "fields": {"app_label": "django_celery_beat", "model": "clockedschedule"}}, {"model": "contenttypes.contenttype", "pk": 17, "fields": {"app_label": "core", "model": "shop"}}, {"model": "contenttypes.contenttype", "pk": 18, "fields": {"app_label": "accounts", "model": "customuser"}}, {"model": "contenttypes.contenttype", "pk": 19, "fields": {"app_label": "accounts", "model": "profile"}}, {"model": "contenttypes.contenttype", "pk": 20, "fields": {"app_label": "accounts", "model": "comment"}}, {"model": "contenttypes.contenttype", "pk": 21, "fields": {"app_label": "catalogue", "model": "part"}}, {"model": "contenttypes.contenttype", "pk": 22, "fields": {"app_label": "catalogue", "model": "machinemodel"}}, {"model": "contenttypes.contenttype", "pk": 23, "fields": {"app_label": "cart", "model": "cart"}}, {"model": "contenttypes.contenttype", "pk": 24, "fields": {"app_label": "cart", "model": "cartitem"}}, {"model": "sessions.session", "pk": "3t83rs44hyyixof4q7zuyme4sltk824j", "fields": {"session_data": "e30:1ox8pk:MWc83fPIFO3faq09s85XpO0GZsh3ZwJISu89I45AYHg", "expire_date": "2022-12-05T15:35:44.598Z"}}, {"model": "sessions.session", "pk": "rt0cxcjws2hf5itwlh4py01g4ypcgcqz", "fields": {"session_data": ".eJxVzLsOwjAMheF3yUyjuomTmpGdZ6gcJ6YF1Eq9TIh3h0odYD7_d16m423tu20pczdkczZ1xIahQCXUusoXyhWBlsonDR4zR_XOnH5ZYnmUcbf5zuNtsjKN6zwkuyf2WBd7nXJ5Xo7276Dnpf9qpwRIkBUT5yyaJJKoAKoPsQFSckDiMEYmRBfA1U2NIoXUtwHIvD8GqUDe:1oxBrz:wRDmUjOHkyLFLVRcvnXzR4KO-6Mj9BZ9f4mrWf5rQIQ", "expire_date": "2022-12-05T18:50:15.439Z"}}, {"model": "socialaccount.socialapp", "pk": 1, "fields": {"provider": "google", "name": "Google register", "client_id": "457286172771-6qq7dedaba2al1a7f8d2lnop2d78ef94.apps.googleusercontent.com", "secret": "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", "key": ""}}, {"model": "core.shop", "pk": 6, "fields": {"address": "набережна Ковиловий, буд. 90 кв. 0, Ізяслав, 31795", "location": "47.56494,31.33078", "part": ["AH65808", "AH85424", "AL16532", "AL48901", "AL59832", "AL63666", "AL75135", "AL86136", "AL93038", "AX57998", "AXE29729", "AXE38253", "AXE51951", "JDG10412", "R13682", "R1744", "R22147", "R39125", "R45800", "R63084", "RE6165", "RE83407", "RE95145"]}}, {"model": "core.shop", "pk": 7, "fields": {"address": "сквер Тінистий, буд. 6 кв. 10, Золотоноша, 01377", "location": "49.65186,26.97253", "part": ["AH65808", "AH85424", "AL16532", "AL48901", "AL59832", "AL63666", "AL75135", "AL86136", "AL93038", "AX57998", "AXE29729", "AXE38253", "AXE51951", "JDG10412", "R13682", "R1744", "R22147", "R39125", "R45800", "R63084", "RE6165", "RE83407", "RE95145"]}}, {"model": "core.shop", "pk": 8, "fields": {"address": "набережна Зелена гірка, буд. 5 кв. 056, Кобеляки, 64828", "location": "46.75451,33.34864", "part": ["AH65808", "AH85424", "AL16532", "AL48901", "AL59832", "AL63666", "AL75135", "AL86136", "AL93038", "AX57998", "AXE29729", "AXE38253", "AXE51951", "JDG10412", "R13682", "R1744", "R22147", "R39125", "R45800", "R63084", "RE6165", "RE83407", "RE95145"]}}, {"model": "core.shop", "pk": 9, "fields": {"address": "провулок Гена Іоганна, буд. 0, Євпаторія, 43110", "location": "46.65581,32.6178", "part": ["AH65808", "AH85424", "AL16532", "AL48901", "AL59832", "AL63666", "AL75135", "AL86136", "AL93038", "AX57998", "AXE29729", "AXE38253", "AXE51951", "JDG10412", "R13682", "R1744", "R22147", "R39125", "R45800", "R63084", "RE6165", "RE83407", "RE95145"]}}, {"model": "core.shop", "pk": 10, "fields": {"address": "сквер Кладовищенська, буд. 32 кв. 40, Джанкой, 89633", "location": "49.65186,26.97253", "part": ["AH65808", "AH85424", "AL16532", "AL48901", "AL59832", "AL63666", "AL75135", "AL86136", "AL93038", "AX57998", "AXE29729", "AXE38253", "AXE51951", "JDG10412", "R13682", "R1744", "R22147", "R39125", "R45800", "R63084", "RE6165", "RE83407", "RE95145"]}}, {"model": "accounts.customuser", "pk": "0752a1e1-c983-4e9d-91fe-4bf645da7f43", "fields": {"password": "pbkdf2_sha256$390000$oXZRc9zdWEN5L59BrFVbJt$FPzNS6GpPvwmKv8sSM83CfSvVpjJa2SwRI6Mhi2xuRQ=", "last_login": "2022-11-21T18:50:15.429Z", "is_superuser": true, "email": "zhydykalex@ukr.net", "username": null, "is_staff": true, "is_active": true, "date_joined": "2022-11-20T20:22:47.109Z", "groups": [], "user_permissions": []}}, {"model": "accounts.profile", "pk": "0752a1e1-c983-4e9d-91fe-4bf645da7f43", "fields": {"phone_number": null, "date_created": "2022-11-20T20:22:47.478Z", "photo": "/empty_avatar.png", "email": "zhydykalex@ukr.net", "first_name": "", "last_name": "", "address": null}}, {"model": "accounts.comment", "pk": 1, "fields": {"user": "0752a1e1-c983-4e9d-91fe-4bf645da7f43", "part": "RE123456", "comment": "good quality", "created": "2022-11-20T21:15:40.273Z"}}, {"model": "accounts.comment", "pk": 2, "fields": {"user": "0752a1e1-c983-4e9d-91fe-4bf645da7f43", "part": "JDG10412", "comment": "navigation very precise", "created": "2022-11-20T21:16:10.736Z"}}, {"model": "accounts.comment", "pk": 3, "fields": {"user": "0752a1e1-c983-4e9d-91fe-4bf645da7f43", "part": "AL75135", "comment": "quick delivery", "created": "2022-11-20T21:16:55.740Z"}}, {"model": "accounts.comment", "pk": 4, "fields": {"user": "0752a1e1-c983-4e9d-91fe-4bf645da7f43", "part": "RE95145", "comment": "expensive shop", "created": "2022-11-20T21:17:27.196Z"}}, {"model": "accounts.comment", "pk": 5, "fields": {"user": "0752a1e1-c983-4e9d-91fe-4bf645da7f43", "part": "AXE51951", "comment": "some comment", "created": "2022-11-20T21:17:54.509Z"}}, {"model": "accounts.comment", "pk": 6, "fields": {"user": "0752a1e1-c983-4e9d-91fe-4bf645da7f43", "part": "R1744", "comment": "some comment", "created": "2022-11-21T20:44:59.732Z"}}, {"model": "accounts.comment", "pk": 7, "fields": {"user": "0752a1e1-c983-4e9d-91fe-4bf645da7f43", "part": "AL16532", "comment": "some comment", "created": "2022-11-21T20:45:14.393Z"}}, {"model": "accounts.comment", "pk": 8, "fields": {"user": "0752a1e1-c983-4e9d-91fe-4bf645da7f43", "part": "AXE38253", "comment": "some comment", "created": "2022-11-21T20:45:24.085Z"}}, {"model": "accounts.comment", "pk": 9, "fields": {"user": "0752a1e1-c983-4e9d-91fe-4bf645da7f43", "part": "AH65808", "comment": "some comment", "created": "2022-11-21T20:45:38.123Z"}}, {"model": "accounts.comment", "pk": 10, "fields": {"user": "0752a1e1-c983-4e9d-91fe-4bf645da7f43", "part": "AXE49678", "comment": "some comment", "created": "2022-11-21T20:46:09.152Z"}}, {"model": "accounts.comment", "pk": 11, "fields": {"user": "0752a1e1-c983-4e9d-91fe-4bf645da7f43", "part": "AH85424", "comment": "some comment", "created": "2022-11-21T20:46:24.896Z"}}, {"model": "accounts.comment", "pk": 12, "fields": {"user": "0752a1e1-c983-4e9d-91fe-4bf645da7f43", "part": "AL48901", "comment": "some comment", "created": "2022-11-21T20:46:49.994Z"}}, {"model": "accounts.comment", "pk": 13, "fields": {"user": "0752a1e1-c983-4e9d-91fe-4bf645da7f43", "part": "AX57998", "comment": "some comment", "created": "2022-11-21T20:47:18.176Z"}}, {"model": "accounts.comment", "pk": 14, "fields": {"user": "0752a1e1-c983-4e9d-91fe-4bf645da7f43", "part": "R39125", "comment": "some comment", "created": "2022-11-21T20:47:31.166Z"}}, {"model": "accounts.comment", "pk": 15, "fields": {"user": "0752a1e1-c983-4e9d-91fe-4bf645da7f43", "part": "AL63666", "comment": "some comment", "created": "2022-11-21T20:47:50.565Z"}}, {"model": "accounts.comment", "pk": 16, "fields": {"user": "0752a1e1-c983-4e9d-91fe-4bf645da7f43", "part": "R45800", "comment": "some comment", "created": "2022-11-21T20:48:15.567Z"}}, {"model": "accounts.comment", "pk": 17, "fields": {"user": "0752a1e1-c983-4e9d-91fe-4bf645da7f43", "part": "AL86136", "comment": "some comment", "created": "2022-11-21T20:48:27.043Z"}}, {"model": "accounts.comment", "pk": 18, "fields": {"user": "0752a1e1-c983-4e9d-91fe-4bf645da7f43", "part": "AL33446", "comment": "some comment", "created": "2022-11-21T20:49:02.496Z"}}, {"model": "accounts.comment", "pk": 19, "fields": {"user": "0752a1e1-c983-4e9d-91fe-4bf645da7f43", "part": "RE83407", "comment": "some comment", "created": "2022-11-21T20:49:21.571Z"}}, {"model": "catalogue.part", "pk": "AH65808", "fields": {"part_name": "belt", "price": 181.58, "discount_price": 0.61, "date_created": "2022-11-20T21:13:34.114Z", "image": "generated_part_pic/AH65808.png", "description": "Step however nice many. Popular staff stage decide ability. Often information degree list. Generation purpose TV consumer data serious list. Fire available next price.", "stock_quantity": 29, "machine_system": 5}}, {"model": "catalogue.part", "pk": "AH85424", "fields": {"part_name": "shaft key", "price": 261.45, "discount_price": 0.5, "date_created": "2022-11-21T20:22:40.487Z", "image": "generated_part_pic/AH85424.png", "description": "Same degree suggest bit dark last. Short executive behind place involve lead join sure.", "stock_quantity": 70, "machine_system": 5}}, {"model": "catalogue.part", "pk": "AL16532", "fields": {"part_name": "belt", "price": 267.5, "discount_price": 0.51, "date_created": "2022-11-21T20:22:40.556Z", "image": "generated_part_pic/AL16532.png", "description": "Long difficult understand size another. History check environmental question operation issue other. Cost course rule movement she. Sound PM statement outside.", "stock_quantity": 15, "machine_system": 1}}, {"model": "catalogue.part", "pk": "AL33446", "fields": {"part_name": "shaft", "price": 61.9, "discount_price": 0.82, "date_created": "2022-11-21T20:22:40.402Z", "image": "generated_part_pic/AL33446.png", "description": "Value practice central none trouble position PM. Never life its charge assume how.", "stock_quantity": 3, "machine_system": 7}}, {"model": "catalogue.part", "pk": "AL48901", "fields": {"part_name": "lever", "price": 134.68, "discount_price": 0.96, "date_created": "2022-11-21T20:22:40.367Z", "image": "generated_part_pic/AL48901.png", "description": "Sure drive here people give design. Happen kid sport well window really.", "stock_quantity": 83, "machine_system": 6}}, {"model": "catalogue.part", "pk": "AL59832", "fields": {"part_name": "bracket", "price": 460.71, "discount_price": 0.84, "date_created": "2022-11-21T20:22:40.430Z", "image": "generated_part_pic/AL59832.png", "description": "President area worker point doctor easy. Discover language strategy others level the. Artist order nearly service. Green power act eight break. College of deep major worker tough.", "stock_quantity": 95, "machine_system": 6}}, {"model": "catalogue.part", "pk": "AL63666", "fields": {"part_name": "shaft key", "price": 455.39, "discount_price": 0.96, "date_created": "2022-11-20T21:10:19.495Z", "image": "generated_part_pic/AL63666.png", "description": "Third less plan traditional again. Thought building test theory American. South pass chance improve particularly character record. Phone fear executive country ball.", "stock_quantity": 18, "machine_system": 4}}, {"model": "catalogue.part", "pk": "AL75135", "fields": {"part_name": "bearing", "price": 352.97, "discount_price": 0.71, "date_created": "2022-11-20T21:13:33.968Z", "image": "generated_part_pic/AL75135.png", "description": "Special perhaps must prove point reason scene want. Hand that run method ever peace president environment. Class others focus business hit. Window find go. Itself upon not look.", "stock_quantity": 11, "machine_system": 3}}, {"model": "catalogue.part", "pk": "AL86136", "fields": {"part_name": "lever", "price": 173.7, "discount_price": 0.68, "date_created": "2022-11-20T21:13:34.094Z", "image": "generated_part_pic/AL86136.png", "description": "Reveal identify prevent lead after anyone. Mind late watch consumer experience interesting. East suffer miss cell very.", "stock_quantity": 26, "machine_system": 8}}, {"model": "catalogue.part", "pk": "AL93038", "fields": {"part_name": "shaft key", "price": 457.36, "discount_price": 0.64, "date_created": "2022-11-20T21:13:34.056Z", "image": "generated_part_pic/AL93038.png", "description": "Question possible laugh north find half. Win fight pressure note follow. Dinner almost offer senior. Consumer including southern threat I.", "stock_quantity": 47, "machine_system": 5}}, {"model": "catalogue.part", "pk": "AX57998", "fields": {"part_name": "sprocket", "price": 146.19, "discount_price": 0.87, "date_created": "2022-11-21T20:22:40.283Z", "image": "generated_part_pic/AX57998.png", "description": "For hand despite time east culture daughter. Movie even friend bill.", "stock_quantity": 33, "machine_system": 3}}, {"model": "catalogue.part", "pk": "AXE29729", "fields": {"part_name": "belt", "price": 464.0, "discount_price": 0.87, "date_created": "2022-11-21T20:22:40.469Z", "image": "generated_part_pic/AXE29729.png", "description": "Soldier price natural effect method final. Road involve us none possible movie Republican shoulder. Beautiful inside source of bed where cup. What today doctor. Use mouth attorney himself apply right music modern.", "stock_quantity": 51, "machine_system": 5}}, {"model": "catalogue.part", "pk": "AXE38253", "fields": {"part_name": "belt", "price": 436.51, "discount_price": 0.59, "date_created": "2022-11-20T21:13:34.152Z", "image": "generated_part_pic/AXE38253.png", "description": "Arrive discover agree lose still foot. Walk year exist gas.", "stock_quantity": 81, "machine_system": 6}}, {"model": "catalogue.part", "pk": "AXE49678", "fields": {"part_name": "sprocket", "price": 64.58, "discount_price": 0.71, "date_created": "2022-11-21T20:22:40.449Z", "image": "generated_part_pic/AXE49678.png", "description": "Actually ahead purpose impact why service many. Nice end money million call least American. Kind side door report resource strategy management.", "stock_quantity": 96, "machine_system": 6}}, {"model": "catalogue.part", "pk": "AXE51951", "fields": {"part_name": "shaft key", "price": 368.82, "discount_price": 0.98, "date_created": "2022-11-20T21:13:34.035Z", "image": "generated_part_pic/AXE51951.png", "description": "Live consider bit fine. How affect whatever our instead voice eye wonder. Stay performance surface usually suggest seem deal. Bed note still play.", "stock_quantity": 75, "machine_system": 2}}, {"model": "catalogue.part", "pk": "JDG10412", "fields": {"part_name": "StarFire 6000", "price": 3500.0, "discount_price": 1.0, "date_created": "2022-11-20T20:37:13.581Z", "image": "part_photos/empty_part_image.png", "description": "StarFire 6000 antenna", "stock_quantity": 5, "machine_system": 10}}, {"model": "catalogue.part", "pk": "R13682", "fields": {"part_name": "shaft", "price": 203.01, "discount_price": 0.66, "date_created": "2022-11-21T20:22:40.326Z", "image": "generated_part_pic/R13682.png", "description": "Approach term history. Particular establish Republican whole activity resource. Gas once public student hundred usually attention. View song require technology grow need develop. Threat energy hotel job political ground.", "stock_quantity": 70, "machine_system": 7}}, {"model": "catalogue.part", "pk": "R1744", "fields": {"part_name": "bracket", "price": 214.32, "discount_price": 0.76, "date_created": "2022-11-21T20:22:40.613Z", "image": "generated_part_pic/R1744.png", "description": "Individual coach yes water. Charge situation heart result.", "stock_quantity": 15, "machine_system": 8}}, {"model": "catalogue.part", "pk": "R20881", "fields": {"part_name": "shaft", "price": 81.58, "discount_price": 0.95, "date_created": "2022-11-20T21:13:34.016Z", "image": "generated_part_pic/R20881.png", "description": "Into machine sound call site. Power sister clearly usually. Community stuff style certain protect investment past. Public page idea we Republican man quickly experience.", "stock_quantity": 6, "machine_system": 8}}, {"model": "catalogue.part", "pk": "R22147", "fields": {"part_name": "lever", "price": 294.27, "discount_price": 0.58, "date_created": "2022-11-21T20:22:40.538Z", "image": "generated_part_pic/R22147.png", "description": "Clear camera or machine responsibility so ten. Check culture effect far front. Open nature do yourself. Mouth hour event I across. Participant seek body employee single weight number.", "stock_quantity": 92, "machine_system": 8}}, {"model": "catalogue.part", "pk": "R39125", "fields": {"part_name": "shaft key", "price": 474.82, "discount_price": 0.84, "date_created": "2022-11-21T20:22:40.577Z", "image": "generated_part_pic/R39125.png", "description": "People respond dark ten enter cost quickly. Road American happen work general stand cup west. Form career garden certainly case why early. Across key recently watch travel.", "stock_quantity": 23, "machine_system": 7}}, {"model": "catalogue.part", "pk": "R45800", "fields": {"part_name": "nut", "price": 409.34, "discount_price": 0.84, "date_created": "2022-11-20T21:13:34.134Z", "image": "generated_part_pic/R45800.png", "description": "Stage health other. Money without expect rise institution bad report where. Arm body blue.", "stock_quantity": 52, "machine_system": 2}}, {"model": "catalogue.part", "pk": "R63084", "fields": {"part_name": "shaft key", "price": 299.29, "discount_price": 0.91, "date_created": "2022-11-21T20:22:40.596Z", "image": "generated_part_pic/R63084.png", "description": "Show year design bank various. Pm community population standard animal energy environmental. Style another lawyer wide well. Southern cost actually produce across late ball. Decision change nature institution story open deep.", "stock_quantity": 29, "machine_system": 5}}, {"model": "catalogue.part", "pk": "R77413", "fields": {"part_name": "shaft key", "price": 76.6, "discount_price": 0.97, "date_created": "2022-11-20T21:13:34.075Z", "image": "generated_part_pic/R77413.png", "description": "Hotel study Congress test sport move. Live lawyer share risk tough young know. Book white few media focus. Morning green meeting entire bad.", "stock_quantity": 17, "machine_system": 1}}, {"model": "catalogue.part", "pk": "RE123456", "fields": {"part_name": "tube", "price": 12.11, "discount_price": 1.0, "date_created": "2022-11-20T20:36:22.070Z", "image": "part_photos/empty_part_image.png", "description": "priority valve tube", "stock_quantity": 3, "machine_system": 3}}, {"model": "catalogue.part", "pk": "RE6165", "fields": {"part_name": "sprocket", "price": 480.1, "discount_price": 0.71, "date_created": "2022-11-21T20:22:40.521Z", "image": "generated_part_pic/RE6165.png", "description": "Effort shoulder score rich month study for. Herself budget including particular capital test case reach. Board whatever likely education nor able.", "stock_quantity": 18, "machine_system": 2}}, {"model": "catalogue.part", "pk": "RE654789", "fields": {"part_name": "air filter", "price": 54.2, "discount_price": 1.0, "date_created": "2022-11-20T21:21:15.052Z", "image": "part_photos/empty_part_image.png", "description": "air filter", "stock_quantity": 0, "machine_system": 11}}, {"model": "catalogue.part", "pk": "RE83407", "fields": {"part_name": "shaft", "price": 169.57, "discount_price": 0.77, "date_created": "2022-11-21T20:22:40.504Z", "image": "generated_part_pic/RE83407.png", "description": "Fund add wonder him rule recent strong. Dark enough design. Party month detail college city let defense. Than art modern nor item sell. Land of sound budget.", "stock_quantity": 78, "machine_system": 5}}, {"model": "catalogue.part", "pk": "RE95145", "fields": {"part_name": "shaft", "price": 415.95, "discount_price": 0.64, "date_created": "2022-11-20T21:13:33.996Z", "image": "generated_part_pic/RE95145.png", "description": "Standard find high player white. Activity recent here store election.", "stock_quantity": 71, "machine_system": 2}}, {"model": "catalogue.machinemodel", "pk": 7, "fields": {"model": "KT315-28", "machine_type": 5, "part": ["AH65808", "AL16532", "AL33446", "AL63666", "AL75135", "AL86136", "AX57998", "JDG10412", "R1744", "R20881", "R39125", "R63084", "R77413", "RE123456", "RE6165", "RE654789"]}}, {"model": "catalogue.machinemodel", "pk": 8, "fields": {"model": "8117", "machine_type": 4, "part": ["AH65808", "AL16532", "AL33446", "AL63666", "AL75135", "AL86136", "AX57998", "JDG10412", "R1744", "R20881", "R39125", "R63084", "R77413", "RE123456", "RE6165", "RE654789"]}}, {"model": "catalogue.machinemodel", "pk": 9, "fields": {"model": "KT315-28", "machine_type": 5, "part": ["AH65808", "AL16532", "AL33446", "AL63666", "AL75135", "AL86136", "AX57998", "JDG10412", "R1744", "R20881", "R39125", "R63084", "R77413", "RE123456", "RE6165", "RE654789"]}}, {"model": "catalogue.machinemodel", "pk": 10, "fields": {"model": "8317", "machine_type": 4, "part": ["AH65808", "AL16532", "AL33446", "AL63666", "AL75135", "AL86136", "AX57998", "JDG10412", "R1744", "R20881", "R39125", "R63084", "R77413", "RE123456", "RE6165", "RE654789"]}}, {"model": "catalogue.machinemodel", "pk": 11, "fields": {"model": "KT315-26", "machine_type": 5, "part": ["AH65808", "AL16532", "AL33446", "AL63666", "AL75135", "AL86136", "AX57998", "JDG10412", "R1744", "R20881", "R39125", "R63084", "R77413", "RE123456", "RE6165", "RE654789"]}}, {"model": "catalogue.machinemodel", "pk": 12, "fields": {"model": "M4030", "machine_type": 3, "part": ["AH65808", "AL16532", "AL33446", "AL63666", "AL75135", "AL86136", "AX57998", "JDG10412", "R1744", "R20881", "R39125", "R63084", "R77413", "RE123456", "RE6165", "RE654789"]}}, {"model": "catalogue.machinemodel", "pk": 13, "fields": {"model": "T630", "machine_type": 2, "part": ["AH65808", "AL16532", "AL33446", "AL63666", "AL75135", "AL86136", "AX57998", "JDG10412", "R1744", "R20881", "R39125", "R63084", "R77413", "RE123456", "RE6165", "RE654789"]}}, {"model": "catalogue.machinemodel", "pk": 14, "fields": {"model": "KT315-26", "machine_type": 5, "part": ["AH65808", "AL16532", "AL33446", "AL63666", "AL75135", "AL86136", "AX57998", "JDG10412", "R1744", "R20881", "R39125", "R63084", "R77413", "RE123456", "RE6165", "RE654789"]}}, {"model": "catalogue.machinemodel", "pk": 15, "fields": {"model": "T678", "machine_type": 2, "part": ["AH65808", "AL16532", "AL33446", "AL63666", "AL75135", "AL86136", "AX57998", "JDG10412", "R1744", "R20881", "R39125", "R63084", "R77413", "RE123456", "RE6165", "RE654789"]}}, {"model": "catalogue.machinemodel", "pk": 16, "fields": {"model": "KT315-36", "machine_type": 5, "part": ["AH65808", "AL16532", "AL33446", "AL63666", "AL75135", "AL86136", "AX57998", "JDG10412", "R1744", "R20881", "R39125", "R63084", "R77413", "RE123456", "RE6165", "RE654789"]}}, {"model": "cart.cart", "pk": 1, "fields": {"user": "0752a1e1-c983-4e9d-91fe-4bf645da7f43", "creation_date": "2022-11-20T21:23:42.457Z", "payment_type": 1, "order_id": "21471314", "ordered": false, "delivery_service": 1, "phone_number": "+380 67 568 4795", "contact_name": "Alex", "contact_surname": "Zhydyk", "city": "Dnipro", "total_amount": 399.21}}, {"model": "cart.cart", "pk": 2, "fields": {"user": "0752a1e1-c983-4e9d-91fe-4bf645da7f43", "creation_date": "2022-11-21T18:47:43.674Z", "payment_type": 1, "order_id": "94158781", "ordered": false, "delivery_service": 1, "phone_number": "+380 67 568 4795", "contact_name": "Alex", "contact_surname": "Zhydyk", "city": "Dnipro", "total_amount": 532.42}}, {"model": "cart.cartitem", "pk": 1, "fields": {"part": "AL75135", "quantity": 1, "cart": 1, "part_number": "AL75135", "part_name": "bearing", "price": 352.97, "discount": 0.71}}, {"model": "cart.cartitem", "pk": 2, "fields": {"part": "R77413", "quantity": 2, "cart": 1, "part_number": "R77413", "part_name": "shaft key", "price": 76.6, "discount": 0.97}}, {"model": "cart.cartitem", "pk": 3, "fields": {"part": "RE95145", "quantity": 2, "cart": 2, "part_number": "RE95145", "part_name": "shaft", "price": 415.95, "discount": 0.64}}]