[{"model": "admin.logentry", "pk": 1, "fields": {"action_time": "2022-11-30T10:02:10.388Z", "user": "88e8c5a1-2049-43ae-ba59-c1c6e7488b57", "content_type": 9, "object_id": "1", "object_repr": "Google register", "action_flag": 1, "change_message": "[{\"added\": {}}]"}}, {"model": "admin.logentry", "pk": 2, "fields": {"action_time": "2022-11-30T10:09:00.807Z", "user": "88e8c5a1-2049-43ae-ba59-c1c6e7488b57", "content_type": 9, "object_id": "1", "object_repr": "Google register", "action_flag": 2, "change_message": "[{\"changed\": {\"fields\": [\"Secret key\"]}}]"}}, {"model": "admin.logentry", "pk": 3, "fields": {"action_time": "2022-11-30T10:10:23.145Z", "user": "88e8c5a1-2049-43ae-ba59-c1c6e7488b57", "content_type": 18, "object_id": "467b61d5-c24e-4aa3-a5b2-2ee5cfc82d6d", "object_repr": "alexosgt1@gmail.com", "action_flag": 3, "change_message": ""}}, {"model": "admin.logentry", "pk": 4, "fields": {"action_time": "2022-11-30T10:11:55.910Z", "user": "88e8c5a1-2049-43ae-ba59-c1c6e7488b57", "content_type": 20, "object_id": "1", "object_repr": "Comment object (1)", "action_flag": 1, "change_message": "[{\"added\": {}}]"}}, {"model": "admin.logentry", "pk": 5, "fields": {"action_time": "2022-11-30T10:12:17.176Z", "user": "88e8c5a1-2049-43ae-ba59-c1c6e7488b57", "content_type": 20, "object_id": "2", "object_repr": "Comment object (2)", "action_flag": 1, "change_message": "[{\"added\": {}}]"}}, {"model": "admin.logentry", "pk": 6, "fields": {"action_time": "2022-11-30T10:12:25.343Z", "user": "88e8c5a1-2049-43ae-ba59-c1c6e7488b57", "content_type": 20, "object_id": "3", "object_repr": "Comment object (3)", "action_flag": 1, "change_message": "[{\"added\": {}}]"}}, {"model": "admin.logentry", "pk": 7, "fields": {"action_time": "2022-11-30T10:12:33.073Z", "user": "88e8c5a1-2049-43ae-ba59-c1c6e7488b57", "content_type": 20, "object_id": "4", "object_repr": "Comment object (4)", "action_flag": 1, "change_message": "[{\"added\": {}}]"}}, {"model": "admin.logentry", "pk": 8, "fields": {"action_time": "2022-11-30T10:12:40.678Z", "user": "88e8c5a1-2049-43ae-ba59-c1c6e7488b57", "content_type": 20, "object_id": "5", "object_repr": "Comment object (5)", "action_flag": 1, "change_message": "[{\"added\": {}}]"}}, {"model": "admin.logentry", "pk": 9, "fields": {"action_time": "2022-11-30T10:12:53.181Z", "user": "88e8c5a1-2049-43ae-ba59-c1c6e7488b57", "content_type": 20, "object_id": "6", "object_repr": "Comment object (6)", "action_flag": 1, "change_message": "[{\"added\": {}}]"}}, {"model": "admin.logentry", "pk": 10, "fields": {"action_time": "2022-11-30T10:13:01.760Z", "user": "88e8c5a1-2049-43ae-ba59-c1c6e7488b57", "content_type": 20, "object_id": "7", "object_repr": "Comment object (7)", "action_flag": 1, "change_message": "[{\"added\": {}}]"}}, {"model": "admin.logentry", "pk": 11, "fields": {"action_time": "2022-11-30T10:13:10.660Z", "user": "88e8c5a1-2049-43ae-ba59-c1c6e7488b57", "content_type": 20, "object_id": "8", "object_repr": "Comment object (8)", "action_flag": 1, "change_message": "[{\"added\": {}}]"}}, {"model": "admin.logentry", "pk": 12, "fields": {"action_time": "2022-11-30T10:13:18.922Z", "user": "88e8c5a1-2049-43ae-ba59-c1c6e7488b57", "content_type": 20, "object_id": "9", "object_repr": "Comment object (9)", "action_flag": 1, "change_message": "[{\"added\": {}}]"}}, {"model": "admin.logentry", "pk": 13, "fields": {"action_time": "2022-11-30T10:13:28.086Z", "user": "88e8c5a1-2049-43ae-ba59-c1c6e7488b57", "content_type": 20, "object_id": "10", "object_repr": "Comment object (10)", "action_flag": 1, "change_message": "[{\"added\": {}}]"}}, {"model": "admin.logentry", "pk": 14, "fields": {"action_time": "2022-11-30T10:13:35.627Z", "user": "88e8c5a1-2049-43ae-ba59-c1c6e7488b57", "content_type": 20, "object_id": "11", "object_repr": "Comment object (11)", "action_flag": 1, "change_message": "[{\"added\": {}}]"}}, {"model": "admin.logentry", "pk": 15, "fields": {"action_time": "2022-11-30T10:13:42.999Z", "user": "88e8c5a1-2049-43ae-ba59-c1c6e7488b57", "content_type": 20, "object_id": "12", "object_repr": "Comment object (12)", "action_flag": 1, "change_message": "[{\"added\": {}}]"}}, {"model": "admin.logentry", "pk": 16, "fields": {"action_time": "2022-11-30T10:13:51.229Z", "user": "88e8c5a1-2049-43ae-ba59-c1c6e7488b57", "content_type": 20, "object_id": "13", "object_repr": "Comment object (13)", "action_flag": 1, "change_message": "[{\"added\": {}}]"}}, {"model": "admin.logentry", "pk": 17, "fields": {"action_time": "2022-11-30T10:14:00.798Z", "user": "88e8c5a1-2049-43ae-ba59-c1c6e7488b57", "content_type": 20, "object_id": "14", "object_repr": "Comment object (14)", "action_flag": 1, "change_message": "[{\"added\": {}}]"}}, {"model": "admin.logentry", "pk": 18, "fields": {"action_time": "2022-11-30T10:14:08.200Z", "user": "88e8c5a1-2049-43ae-ba59-c1c6e7488b57", "content_type": 20, "object_id": "15", "object_repr": "Comment object (15)", "action_flag": 1, "change_message": "[{\"added\": {}}]"}}, {"model": "admin.logentry", "pk": 19, "fields": {"action_time": "2022-11-30T10:14:16.627Z", "user": "88e8c5a1-2049-43ae-ba59-c1c6e7488b57", "content_type": 20, "object_id": "16", "object_repr": "Comment object (16)", "action_flag": 1, "change_message": "[{\"added\": {}}]"}}, {"model": "admin.logentry", "pk": 20, "fields": {"action_time": "2022-11-30T10:14:24.445Z", "user": "88e8c5a1-2049-43ae-ba59-c1c6e7488b57", "content_type": 20, "object_id": "17", "object_repr": "Comment object (17)", "action_flag": 1, "change_message": "[{\"added\": {}}]"}}, {"model": "auth.permission", "pk": 1, "fields": {"name": "Can add log entry", "content_type": 1, "codename": "add_logentry"}}, {"model": "auth.permission", "pk": 2, "fields": {"name": "Can change log entry", "content_type": 1, "codename": "change_logentry"}}, {"model": "auth.permission", "pk": 3, "fields": {"name": "Can delete log entry", "content_type": 1, "codename": "delete_logentry"}}, {"model": "auth.permission", "pk": 4, "fields": {"name": "Can view log entry", "content_type": 1, "codename": "view_logentry"}}, {"model": "auth.permission", "pk": 5, "fields": {"name": "Can add permission", "content_type": 2, "codename": "add_permission"}}, {"model": "auth.permission", "pk": 6, "fields": {"name": "Can change permission", "content_type": 2, "codename": "change_permission"}}, {"model": "auth.permission", "pk": 7, "fields": {"name": "Can delete permission", "content_type": 2, "codename": "delete_permission"}}, {"model": "auth.permission", "pk": 8, "fields": {"name": "Can view permission", "content_type": 2, "codename": "view_permission"}}, {"model": "auth.permission", "pk": 9, "fields": {"name": "Can add group", "content_type": 3, "codename": "add_group"}}, {"model": "auth.permission", "pk": 10, "fields": {"name": "Can change group", "content_type": 3, "codename": "change_group"}}, {"model": "auth.permission", "pk": 11, "fields": {"name": "Can delete group", "content_type": 3, "codename": "delete_group"}}, {"model": "auth.permission", "pk": 12, "fields": {"name": "Can view group", "content_type": 3, "codename": "view_group"}}, {"model": "auth.permission", "pk": 13, "fields": {"name": "Can add content type", "content_type": 4, "codename": "add_contenttype"}}, {"model": "auth.permission", "pk": 14, "fields": {"name": "Can change content type", "content_type": 4, "codename": "change_contenttype"}}, {"model": "auth.permission", "pk": 15, "fields": {"name": "Can delete content type", "content_type": 4, "codename": "delete_contenttype"}}, {"model": "auth.permission", "pk": 16, "fields": {"name": "Can view content type", "content_type": 4, "codename": "view_contenttype"}}, {"model": "auth.permission", "pk": 17, "fields": {"name": "Can add session", "content_type": 5, "codename": "add_session"}}, {"model": "auth.permission", "pk": 18, "fields": {"name": "Can change session", "content_type": 5, "codename": "change_session"}}, {"model": "auth.permission", "pk": 19, "fields": {"name": "Can delete session", "content_type": 5, "codename": "delete_session"}}, {"model": "auth.permission", "pk": 20, "fields": {"name": "Can view session", "content_type": 5, "codename": "view_session"}}, {"model": "auth.permission", "pk": 21, "fields": {"name": "Can add email address", "content_type": 6, "codename": "add_emailaddress"}}, {"model": "auth.permission", "pk": 22, "fields": {"name": "Can change email address", "content_type": 6, "codename": "change_emailaddress"}}, {"model": "auth.permission", "pk": 23, "fields": {"name": "Can delete email address", "content_type": 6, "codename": "delete_emailaddress"}}, {"model": "auth.permission", "pk": 24, "fields": {"name": "Can view email address", "content_type": 6, "codename": "view_emailaddress"}}, {"model": "auth.permission", "pk": 25, "fields": {"name": "Can add email confirmation", "content_type": 7, "codename": "add_emailconfirmation"}}, {"model": "auth.permission", "pk": 26, "fields": {"name": "Can change email confirmation", "content_type": 7, "codename": "change_emailconfirmation"}}, {"model": "auth.permission", "pk": 27, "fields": {"name": "Can delete email confirmation", "content_type": 7, "codename": "delete_emailconfirmation"}}, {"model": "auth.permission", "pk": 28, "fields": {"name": "Can view email confirmation", "content_type": 7, "codename": "view_emailconfirmation"}}, {"model": "auth.permission", "pk": 29, "fields": {"name": "Can add social account", "content_type": 8, "codename": "add_socialaccount"}}, {"model": "auth.permission", "pk": 30, "fields": {"name": "Can change social account", "content_type": 8, "codename": "change_socialaccount"}}, {"model": "auth.permission", "pk": 31, "fields": {"name": "Can delete social account", "content_type": 8, "codename": "delete_socialaccount"}}, {"model": "auth.permission", "pk": 32, "fields": {"name": "Can view social account", "content_type": 8, "codename": "view_socialaccount"}}, {"model": "auth.permission", "pk": 33, "fields": {"name": "Can add social application", "content_type": 9, "codename": "add_socialapp"}}, {"model": "auth.permission", "pk": 34, "fields": {"name": "Can change social application", "content_type": 9, "codename": "change_socialapp"}}, {"model": "auth.permission", "pk": 35, "fields": {"name": "Can delete social application", "content_type": 9, "codename": "delete_socialapp"}}, {"model": "auth.permission", "pk": 36, "fields": {"name": "Can view social application", "content_type": 9, "codename": "view_socialapp"}}, {"model": "auth.permission", "pk": 37, "fields": {"name": "Can add social application token", "content_type": 10, "codename": "add_socialtoken"}}, {"model": "auth.permission", "pk": 38, "fields": {"name": "Can change social application token", "content_type": 10, "codename": "change_socialtoken"}}, {"model": "auth.permission", "pk": 39, "fields": {"name": "Can delete social application token", "content_type": 10, "codename": "delete_socialtoken"}}, {"model": "auth.permission", "pk": 40, "fields": {"name": "Can view social application token", "content_type": 10, "codename": "view_socialtoken"}}, {"model": "auth.permission", "pk": 41, "fields": {"name": "Can add crontab", "content_type": 11, "codename": "add_crontabschedule"}}, {"model": "auth.permission", "pk": 42, "fields": {"name": "Can change crontab", "content_type": 11, "codename": "change_crontabschedule"}}, {"model": "auth.permission", "pk": 43, "fields": {"name": "Can delete crontab", "content_type": 11, "codename": "delete_crontabschedule"}}, {"model": "auth.permission", "pk": 44, "fields": {"name": "Can view crontab", "content_type": 11, "codename": "view_crontabschedule"}}, {"model": "auth.permission", "pk": 45, "fields": {"name": "Can add interval", "content_type": 12, "codename": "add_intervalschedule"}}, {"model": "auth.permission", "pk": 46, "fields": {"name": "Can change interval", "content_type": 12, "codename": "change_intervalschedule"}}, {"model": "auth.permission", "pk": 47, "fields": {"name": "Can delete interval", "content_type": 12, "codename": "delete_intervalschedule"}}, {"model": "auth.permission", "pk": 48, "fields": {"name": "Can view interval", "content_type": 12, "codename": "view_intervalschedule"}}, {"model": "auth.permission", "pk": 49, "fields": {"name": "Can add periodic task", "content_type": 13, "codename": "add_periodictask"}}, {"model": "auth.permission", "pk": 50, "fields": {"name": "Can change periodic task", "content_type": 13, "codename": "change_periodictask"}}, {"model": "auth.permission", "pk": 51, "fields": {"name": "Can delete periodic task", "content_type": 13, "codename": "delete_periodictask"}}, {"model": "auth.permission", "pk": 52, "fields": {"name": "Can view periodic task", "content_type": 13, "codename": "view_periodictask"}}, {"model": "auth.permission", "pk": 53, "fields": {"name": "Can add periodic tasks", "content_type": 14, "codename": "add_periodictasks"}}, {"model": "auth.permission", "pk": 54, "fields": {"name": "Can change periodic tasks", "content_type": 14, "codename": "change_periodictasks"}}, {"model": "auth.permission", "pk": 55, "fields": {"name": "Can delete periodic tasks", "content_type": 14, "codename": "delete_periodictasks"}}, {"model": "auth.permission", "pk": 56, "fields": {"name": "Can view periodic tasks", "content_type": 14, "codename": "view_periodictasks"}}, {"model": "auth.permission", "pk": 57, "fields": {"name": "Can add solar event", "content_type": 15, "codename": "add_solarschedule"}}, {"model": "auth.permission", "pk": 58, "fields": {"name": "Can change solar event", "content_type": 15, "codename": "change_solarschedule"}}, {"model": "auth.permission", "pk": 59, "fields": {"name": "Can delete solar event", "content_type": 15, "codename": "delete_solarschedule"}}, {"model": "auth.permission", "pk": 60, "fields": {"name": "Can view solar event", "content_type": 15, "codename": "view_solarschedule"}}, {"model": "auth.permission", "pk": 61, "fields": {"name": "Can add clocked", "content_type": 16, "codename": "add_clockedschedule"}}, {"model": "auth.permission", "pk": 62, "fields": {"name": "Can change clocked", "content_type": 16, "codename": "change_clockedschedule"}}, {"model": "auth.permission", "pk": 63, "fields": {"name": "Can delete clocked", "content_type": 16, "codename": "delete_clockedschedule"}}, {"model": "auth.permission", "pk": 64, "fields": {"name": "Can view clocked", "content_type": 16, "codename": "view_clockedschedule"}}, {"model": "auth.permission", "pk": 65, "fields": {"name": "Can add shop", "content_type": 17, "codename": "add_shop"}}, {"model": "auth.permission", "pk": 66, "fields": {"name": "Can change shop", "content_type": 17, "codename": "change_shop"}}, {"model": "auth.permission", "pk": 67, "fields": {"name": "Can delete shop", "content_type": 17, "codename": "delete_shop"}}, {"model": "auth.permission", "pk": 68, "fields": {"name": "Can view shop", "content_type": 17, "codename": "view_shop"}}, {"model": "auth.permission", "pk": 69, "fields": {"name": "Can add custom_user", "content_type": 18, "codename": "add_customuser"}}, {"model": "auth.permission", "pk": 70, "fields": {"name": "Can change custom_user", "content_type": 18, "codename": "change_customuser"}}, {"model": "auth.permission", "pk": 71, "fields": {"name": "Can delete custom_user", "content_type": 18, "codename": "delete_customuser"}}, {"model": "auth.permission", "pk": 72, "fields": {"name": "Can view custom_user", "content_type": 18, "codename": "view_customuser"}}, {"model": "auth.permission", "pk": 73, "fields": {"name": "Can add profile", "content_type": 19, "codename": "add_profile"}}, {"model": "auth.permission", "pk": 74, "fields": {"name": "Can change profile", "content_type": 19, "codename": "change_profile"}}, {"model": "auth.permission", "pk": 75, "fields": {"name": "Can delete profile", "content_type": 19, "codename": "delete_profile"}}, {"model": "auth.permission", "pk": 76, "fields": {"name": "Can view profile", "content_type": 19, "codename": "view_profile"}}, {"model": "auth.permission", "pk": 77, "fields": {"name": "Can add comment", "content_type": 20, "codename": "add_comment"}}, {"model": "auth.permission", "pk": 78, "fields": {"name": "Can change comment", "content_type": 20, "codename": "change_comment"}}, {"model": "auth.permission", "pk": 79, "fields": {"name": "Can delete comment", "content_type": 20, "codename": "delete_comment"}}, {"model": "auth.permission", "pk": 80, "fields": {"name": "Can view comment", "content_type": 20, "codename": "view_comment"}}, {"model": "auth.permission", "pk": 81, "fields": {"name": "Can add part", "content_type": 21, "codename": "add_part"}}, {"model": "auth.permission", "pk": 82, "fields": {"name": "Can change part", "content_type": 21, "codename": "change_part"}}, {"model": "auth.permission", "pk": 83, "fields": {"name": "Can delete part", "content_type": 21, "codename": "delete_part"}}, {"model": "auth.permission", "pk": 84, "fields": {"name": "Can view part", "content_type": 21, "codename": "view_part"}}, {"model": "auth.permission", "pk": 85, "fields": {"name": "Can add machine model", "content_type": 22, "codename": "add_machinemodel"}}, {"model": "auth.permission", "pk": 86, "fields": {"name": "Can change machine model", "content_type": 22, "codename": "change_machinemodel"}}, {"model": "auth.permission", "pk": 87, "fields": {"name": "Can delete machine model", "content_type": 22, "codename": "delete_machinemodel"}}, {"model": "auth.permission", "pk": 88, "fields": {"name": "Can view machine model", "content_type": 22, "codename": "view_machinemodel"}}, {"model": "auth.permission", "pk": 89, "fields": {"name": "Can add cart", "content_type": 23, "codename": "add_cart"}}, {"model": "auth.permission", "pk": 90, "fields": {"name": "Can change cart", "content_type": 23, "codename": "change_cart"}}, {"model": "auth.permission", "pk": 91, "fields": {"name": "Can delete cart", "content_type": 23, "codename": "delete_cart"}}, {"model": "auth.permission", "pk": 92, "fields": {"name": "Can view cart", "content_type": 23, "codename": "view_cart"}}, {"model": "auth.permission", "pk": 93, "fields": {"name": "Can add cart item", "content_type": 24, "codename": "add_cartitem"}}, {"model": "auth.permission", "pk": 94, "fields": {"name": "Can change cart item", "content_type": 24, "codename": "change_cartitem"}}, {"model": "auth.permission", "pk": 95, "fields": {"name": "Can delete cart item", "content_type": 24, "codename": "delete_cartitem"}}, {"model": "auth.permission", "pk": 96, "fields": {"name": "Can view cart item", "content_type": 24, "codename": "view_cartitem"}}, {"model": "contenttypes.contenttype", "pk": 1, "fields": {"app_label": "admin", "model": "logentry"}}, {"model": "contenttypes.contenttype", "pk": 2, "fields": {"app_label": "auth", "model": "permission"}}, {"model": "contenttypes.contenttype", "pk": 3, "fields": {"app_label": "auth", "model": "group"}}, {"model": "contenttypes.contenttype", "pk": 4, "fields": {"app_label": "contenttypes", "model": "contenttype"}}, {"model": "contenttypes.contenttype", "pk": 5, "fields": {"app_label": "sessions", "model": "session"}}, {"model": "contenttypes.contenttype", "pk": 6, "fields": {"app_label": "account", "model": "emailaddress"}}, {"model": "contenttypes.contenttype", "pk": 7, "fields": {"app_label": "account", "model": "emailconfirmation"}}, {"model": "contenttypes.contenttype", "pk": 8, "fields": {"app_label": "socialaccount", "model": "socialaccount"}}, {"model": "contenttypes.contenttype", "pk": 9, "fields": {"app_label": "socialaccount", "model": "socialapp"}}, {"model": "contenttypes.contenttype", "pk": 10, "fields": {"app_label": "socialaccount", "model": "socialtoken"}}, {"model": "contenttypes.contenttype", "pk": 11, "fields": {"app_label": "django_celery_beat", "model": "crontabschedule"}}, {"model": "contenttypes.contenttype", "pk": 12, "fields": {"app_label": "django_celery_beat", "model": "intervalschedule"}}, {"model": "contenttypes.contenttype", "pk": 13, "fields": {"app_label": "django_celery_beat", "model": "periodictask"}}, {"model": "contenttypes.contenttype", "pk": 14, "fields": {"app_label": "django_celery_beat", "model": "periodictasks"}}, {"model": "contenttypes.contenttype", "pk": 15, "fields": {"app_label": "django_celery_beat", "model": "solarschedule"}}, {"model": "contenttypes.contenttype", "pk": 16, "fields": {"app_label": "django_celery_beat", "model": "clockedschedule"}}, {"model": "contenttypes.contenttype", "pk": 17, "fields": {"app_label": "core", "model": "shop"}}, {"model": "contenttypes.contenttype", "pk": 18, "fields": {"app_label": "accounts", "model": "customuser"}}, {"model": "contenttypes.contenttype", "pk": 19, "fields": {"app_label": "accounts", "model": "profile"}}, {"model": "contenttypes.contenttype", "pk": 20, "fields": {"app_label": "accounts", "model": "comment"}}, {"model": "contenttypes.contenttype", "pk": 21, "fields": {"app_label": "catalogue", "model": "part"}}, {"model": "contenttypes.contenttype", "pk": 22, "fields": {"app_label": "catalogue", "model": "machinemodel"}}, {"model": "contenttypes.contenttype", "pk": 23, "fields": {"app_label": "cart", "model": "cart"}}, {"model": "contenttypes.contenttype", "pk": 24, "fields": {"app_label": "cart", "model": "cartitem"}}, {"model": "sessions.session", "pk": "ekr99z1ab6vvotfrrdtwt0nrqyf1trrv", "fields": {"session_data": ".eJxVzMsOwiAQheF3YW0JMEDBpXufoZkZBls1bdLLyvju2qQLXZ__Oy_V4bb23bbI3A1FnVVKkjigbZzxufGA0hCG3LDlKK1PiUKrTr-MkB8y7rbccbxNmqdxnQfSe6KPddHXqcjzcrR_Bz0u_VfH7ENMzhkEEyEgQElgDUiBNlguXD3lTOyM1CjiwJMpNWcPVNlXo94fstxAuw:1p0K2W:w8dVcIY_bs4kESI-8-BAgaKm171wovUu0EJMKHSMuDI", "expire_date": "2022-12-14T10:10:04.329Z"}}, {"model": "socialaccount.socialapp", "pk": 1, "fields": {"provider": "google", "name": "Google register", "client_id": "457286172771-6qq7dedaba2al1a7f8d2lnop2d78ef94.apps.googleusercontent.com", "secret": "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", "key": ""}}, {"model": "core.shop", "pk": 1, "fields": {"address": "набережна Наявний 3-й, буд. 69 кв. 545, Березівка, 21693", "location": "51.67822,33.9162", "part": ["AH30337", "AH35140", "AH63254", "AH64028", "AL15864", "AL46847", "AX48472", "AXE11160", "AXE17287", "AXE33894", "AXE36974", "AXE65663", "AXE81614", "AXE90193", "R34148", "R51835", "RE18520", "RE29768", "RE43716", "RE45068", "RE61063", "RE63928", "RE70581", "RE73140"]}}, {"model": "core.shop", "pk": 2, "fields": {"address": "площа Чехова, буд. 370 кв. 80, Скадовськ, 14154", "location": "50.75932,25.34244", "part": ["AH30337", "AH35140", "AH63254", "AH64028", "AL15864", "AL46847", "AX48472", "AXE11160", "AXE17287", "AXE33894", "AXE36974", "AXE65663", "AXE81614", "AXE90193", "R34148", "R51835", "RE18520", "RE29768", "RE43716", "RE45068", "RE61063", "RE63928", "RE70581", "RE73140"]}}, {"model": "core.shop", "pk": 3, "fields": {"address": "шосе Володі Дубініна, буд. 9, Берегове, 64123", "location": "49.41029,38.15035", "part": ["AH30337", "AH35140", "AH63254", "AH64028", "AL15864", "AL46847", "AX48472", "AXE11160", "AXE17287", "AXE33894", "AXE36974", "AXE65663", "AXE81614", "AXE90193", "R34148", "R51835", "RE18520", "RE29768", "RE43716", "RE45068", "RE61063", "RE63928", "RE70581", "RE73140"]}}, {"model": "core.shop", "pk": 4, "fields": {"address": "парк Зоряна, буд. 2 кв. 4, Снігурівка, 22170", "location": "47.56494,31.33078", "part": ["AH30337", "AH35140", "AH63254", "AH64028", "AL15864", "AL46847", "AX48472", "AXE11160", "AXE17287", "AXE33894", "AXE36974", "AXE65663", "AXE81614", "AXE90193", "R34148", "R51835", "RE18520", "RE29768", "RE43716", "RE45068", "RE61063", "RE63928", "RE70581", "RE73140"]}}, {"model": "core.shop", "pk": 5, "fields": {"address": "парк Лінія 41-ша, буд. 8 кв. 417, Першотравенськ, 22643", "location": "50.75932,25.34244", "part": ["AH30337", "AH35140", "AH63254", "AH64028", "AL15864", "AL46847", "AX48472", "AXE11160", "AXE17287", "AXE33894", "AXE36974", "AXE65663", "AXE81614", "AXE90193", "R34148", "R51835", "RE18520", "RE29768", "RE43716", "RE45068", "RE61063", "RE63928", "RE70581", "RE73140"]}}, {"model": "accounts.customuser", "pk": "88e8c5a1-2049-43ae-ba59-c1c6e7488b57", "fields": {"password": "pbkdf2_sha256$390000$vHXVzPxPGh4KIqWhEP5U5M$gEiunQhGq8i8/EEH5Mf1WHvSQAVlD4iNUSDx0xqdcG0=", "last_login": "2022-11-30T10:10:04.318Z", "is_superuser": true, "email": "admin@admin.com", "username": null, "is_staff": true, "is_active": true, "date_joined": "2022-11-30T09:57:02.109Z", "groups": [], "user_permissions": []}}, {"model": "accounts.profile", "pk": "88e8c5a1-2049-43ae-ba59-c1c6e7488b57", "fields": {"phone_number": null, "date_created": "2022-11-30T09:58:30.530Z", "photo": "profiles_avatars/2022/11/30/glassesman.png", "email": "admin@admin.com", "first_name": "Admin", "last_name": "Admin", "address": null}}, {"model": "accounts.comment", "pk": 1, "fields": {"user": "88e8c5a1-2049-43ae-ba59-c1c6e7488b57", "part": "R51835", "comment": "good quality", "created": "2022-11-30T10:11:55.905Z"}}, {"model": "accounts.comment", "pk": 2, "fields": {"user": "88e8c5a1-2049-43ae-ba59-c1c6e7488b57", "part": "AXE17287", "comment": "some comment", "created": "2022-11-30T10:12:17.166Z"}}, {"model": "accounts.comment", "pk": 3, "fields": {"user": "88e8c5a1-2049-43ae-ba59-c1c6e7488b57", "part": "RE43716", "comment": "some comment", "created": "2022-11-30T10:12:25.327Z"}}, {"model": "accounts.comment", "pk": 4, "fields": {"user": "88e8c5a1-2049-43ae-ba59-c1c6e7488b57", "part": "AX27390", "comment": "some comment", "created": "2022-11-30T10:12:33.069Z"}}, {"model": "accounts.comment", "pk": 5, "fields": {"user": "88e8c5a1-2049-43ae-ba59-c1c6e7488b57", "part": "AXE11160", "comment": "some comment", "created": "2022-11-30T10:12:40.675Z"}}, {"model": "accounts.comment", "pk": 6, "fields": {"user": "88e8c5a1-2049-43ae-ba59-c1c6e7488b57", "part": "R19843", "comment": "some comment", "created": "2022-11-30T10:12:53.178Z"}}, {"model": "accounts.comment", "pk": 7, "fields": {"user": "88e8c5a1-2049-43ae-ba59-c1c6e7488b57", "part": "AX48472", "comment": "some comment", "created": "2022-11-30T10:13:01.755Z"}}, {"model": "accounts.comment", "pk": 8, "fields": {"user": "88e8c5a1-2049-43ae-ba59-c1c6e7488b57", "part": "AX48472", "comment": "some comment", "created": "2022-11-30T10:13:10.657Z"}}, {"model": "accounts.comment", "pk": 9, "fields": {"user": "88e8c5a1-2049-43ae-ba59-c1c6e7488b57", "part": "AH63254", "comment": "some comment", "created": "2022-11-30T10:13:18.917Z"}}, {"model": "accounts.comment", "pk": 10, "fields": {"user": "88e8c5a1-2049-43ae-ba59-c1c6e7488b57", "part": "AH30337", "comment": "some comment", "created": "2022-11-30T10:13:28.083Z"}}, {"model": "accounts.comment", "pk": 11, "fields": {"user": "88e8c5a1-2049-43ae-ba59-c1c6e7488b57", "part": "RE73140", "comment": "some comment", "created": "2022-11-30T10:13:35.623Z"}}, {"model": "accounts.comment", "pk": 12, "fields": {"user": "88e8c5a1-2049-43ae-ba59-c1c6e7488b57", "part": "AL15864", "comment": "some comment", "created": "2022-11-30T10:13:42.996Z"}}, {"model": "accounts.comment", "pk": 13, "fields": {"user": "88e8c5a1-2049-43ae-ba59-c1c6e7488b57", "part": "RE61063", "comment": "some comment", "created": "2022-11-30T10:13:51.226Z"}}, {"model": "accounts.comment", "pk": 14, "fields": {"user": "88e8c5a1-2049-43ae-ba59-c1c6e7488b57", "part": "RE18520", "comment": "some comment", "created": "2022-11-30T10:14:00.796Z"}}, {"model": "accounts.comment", "pk": 15, "fields": {"user": "88e8c5a1-2049-43ae-ba59-c1c6e7488b57", "part": "RE45068", "comment": "some comment", "created": "2022-11-30T10:14:08.197Z"}}, {"model": "accounts.comment", "pk": 16, "fields": {"user": "88e8c5a1-2049-43ae-ba59-c1c6e7488b57", "part": "AX91378", "comment": "some comment", "created": "2022-11-30T10:14:16.623Z"}}, {"model": "accounts.comment", "pk": 17, "fields": {"user": "88e8c5a1-2049-43ae-ba59-c1c6e7488b57", "part": "AL46847", "comment": "some comment", "created": "2022-11-30T10:14:24.440Z"}}, {"model": "catalogue.part", "pk": "AH30337", "fields": {"part_name": "shaft", "price": 323.7, "discount_price": 0.65, "date_created": "2022-11-30T09:58:42.258Z", "image": "generated_part_pic/AH30337.png", "description": "Seat one record entire. Reveal yard here. Discover result member then once often become. Hundred impact add bed writer mention measure. Test side chair then since young.", "stock_quantity": 43, "machine_system": 8}}, {"model": "catalogue.part", "pk": "AH35140", "fields": {"part_name": "sprocket", "price": 284.73, "discount_price": 0.77, "date_created": "2022-11-30T09:58:57.861Z", "image": "generated_part_pic/AH35140.png", "description": "Thank budget two leave store mission guess. Article modern sea decade. Large night wall box production specific item painting. My here yeah network.", "stock_quantity": 57, "machine_system": 5}}, {"model": "catalogue.part", "pk": "AH63254", "fields": {"part_name": "bracket", "price": 248.18, "discount_price": 0.77, "date_created": "2022-11-30T09:58:42.208Z", "image": "generated_part_pic/AH63254.png", "description": "Friend enough reason social employee behind. Particularly good protect quickly case discussion charge catch. Rule practice write table camera. Many identify camera method return. Decision hot include professor carry personal.", "stock_quantity": 93, "machine_system": 4}}, {"model": "catalogue.part", "pk": "AH64028", "fields": {"part_name": "belt", "price": 431.1, "discount_price": 0.81, "date_created": "2022-11-30T09:58:58.067Z", "image": "generated_part_pic/AH64028.png", "description": "Get example ahead base box PM. Eight consider attention push instead middle. A executive spring economy resource there.", "stock_quantity": 1, "machine_system": 7}}, {"model": "catalogue.part", "pk": "AL15864", "fields": {"part_name": "nut", "price": 136.28, "discount_price": 0.98, "date_created": "2022-11-30T09:58:42.302Z", "image": "generated_part_pic/AL15864.png", "description": "Career natural cover beautiful stuff we hear. Stay late age loss key leg which half. Green choice through quite nation. Skill training data describe.", "stock_quantity": 31, "machine_system": 4}}, {"model": "catalogue.part", "pk": "AL46847", "fields": {"part_name": "lever", "price": 149.2, "discount_price": 0.55, "date_created": "2022-11-30T09:58:57.818Z", "image": "generated_part_pic/AL46847.png", "description": "And employee character heavy hour generation. Human light coach at recently strategy.", "stock_quantity": 45, "machine_system": 7}}, {"model": "catalogue.part", "pk": "AX27390", "fields": {"part_name": "bracket", "price": 23.64, "discount_price": 0.88, "date_created": "2022-11-30T09:58:42.096Z", "image": "generated_part_pic/AX27390.png", "description": "Fly effort ten parent action. All nation bad push. Senior practice particularly all of let rock common.", "stock_quantity": 97, "machine_system": 2}}, {"model": "catalogue.part", "pk": "AX48472", "fields": {"part_name": "nut", "price": 110.16, "discount_price": 0.63, "date_created": "2022-11-30T09:58:42.190Z", "image": "generated_part_pic/AX48472.png", "description": "We kid decide main recent. Form water person hundred mother. Instead attention move time. Discuss bag activity and. Yeah usually available cause.", "stock_quantity": 79, "machine_system": 2}}, {"model": "catalogue.part", "pk": "AX54290", "fields": {"part_name": "nut", "price": 7.32, "discount_price": 0.53, "date_created": "2022-11-30T09:58:57.942Z", "image": "generated_part_pic/AX54290.png", "description": "Would computer site soon through exist whose key. Know article bag discussion. Measure agreement produce performance. Teach above design analysis away single coach such.", "stock_quantity": 33, "machine_system": 2}}, {"model": "catalogue.part", "pk": "AX91378", "fields": {"part_name": "bearing", "price": 80.95, "discount_price": 0.51, "date_created": "2022-11-30T09:58:57.799Z", "image": "generated_part_pic/AX91378.png", "description": "Pretty western million entire oil difficult. Live statement evening offer. Article beat wide local serve. Onto interest everybody more themselves page.", "stock_quantity": 82, "machine_system": 3}}, {"model": "catalogue.part", "pk": "AXE11160", "fields": {"part_name": "lever", "price": 347.03, "discount_price": 0.89, "date_created": "2022-11-30T09:58:42.121Z", "image": "generated_part_pic/AXE11160.png", "description": "Contain enjoy could stop. Current each character key page.", "stock_quantity": 53, "machine_system": 5}}, {"model": "catalogue.part", "pk": "AXE17287", "fields": {"part_name": "belt", "price": 305.45, "discount_price": 0.93, "date_created": "2022-11-30T09:58:42.038Z", "image": "generated_part_pic/AXE17287.png", "description": "Adult door ground out. Population produce hard actually top.", "stock_quantity": 11, "machine_system": 4}}, {"model": "catalogue.part", "pk": "AXE17727", "fields": {"part_name": "shaft key", "price": 34.54, "discount_price": 0.66, "date_created": "2022-11-30T09:58:57.981Z", "image": "generated_part_pic/AXE17727.png", "description": "Heavy pull staff school. Modern fly baby clearly. Our take themselves movie. Three effect pick meeting pay forget blood.", "stock_quantity": 6, "machine_system": 2}}, {"model": "catalogue.part", "pk": "AXE33894", "fields": {"part_name": "lever", "price": 319.57, "discount_price": 0.75, "date_created": "2022-11-30T09:58:58.006Z", "image": "generated_part_pic/AXE33894.png", "description": "If without side. When president fall look prove Republican beyond land.", "stock_quantity": 71, "machine_system": 3}}, {"model": "catalogue.part", "pk": "AXE36974", "fields": {"part_name": "shaft", "price": 386.34, "discount_price": 0.75, "date_created": "2022-11-30T09:58:42.232Z", "image": "generated_part_pic/AXE36974.png", "description": "Sell yard American wind stage list. Sea seat pretty skill represent year. Health toward our section interesting. Account case easy ten. Central analysis laugh let develop nice wall activity.", "stock_quantity": 25, "machine_system": 4}}, {"model": "catalogue.part", "pk": "AXE65663", "fields": {"part_name": "bearing", "price": 166.04, "discount_price": 0.57, "date_created": "2022-11-30T09:58:57.905Z", "image": "generated_part_pic/AXE65663.png", "description": "Deal air performance food there under several movie. They same agree.", "stock_quantity": 17, "machine_system": 5}}, {"model": "catalogue.part", "pk": "AXE81614", "fields": {"part_name": "bearing", "price": 473.55, "discount_price": 0.71, "date_created": "2022-11-30T09:58:58.047Z", "image": "generated_part_pic/AXE81614.png", "description": "Catch according single hold hard individual much. Drive response same law into.", "stock_quantity": 99, "machine_system": 1}}, {"model": "catalogue.part", "pk": "AXE90193", "fields": {"part_name": "shaft", "price": 199.95, "discount_price": 0.85, "date_created": "2022-11-30T09:58:58.028Z", "image": "generated_part_pic/AXE90193.png", "description": "Return catch better board size several. Spring among industry cost image figure. Majority throughout out build term up yeah who.", "stock_quantity": 18, "machine_system": 8}}, {"model": "catalogue.part", "pk": "R19843", "fields": {"part_name": "bracket", "price": 88.76, "discount_price": 0.77, "date_created": "2022-11-30T09:58:42.147Z", "image": "generated_part_pic/R19843.png", "description": "Civil public ahead compare purpose increase leader environmental. Hot continue international article share either. Off return his store how. Congress organization concern accept.", "stock_quantity": 1, "machine_system": 4}}, {"model": "catalogue.part", "pk": "R34148", "fields": {"part_name": "bearing", "price": 344.24, "discount_price": 0.85, "date_created": "2022-11-30T09:58:57.841Z", "image": "generated_part_pic/R34148.png", "description": "Senior house between. Their exist customer institution national yard. Deal him professor. Series town ready theory. Change month wrong practice expect goal.", "stock_quantity": 60, "machine_system": 4}}, {"model": "catalogue.part", "pk": "R51835", "fields": {"part_name": "bracket", "price": 168.91, "discount_price": 0.63, "date_created": "2022-11-30T09:58:42.019Z", "image": "generated_part_pic/R51835.png", "description": "Break send lead defense. Now occur clear member economic join imagine.", "stock_quantity": 56, "machine_system": 4}}, {"model": "catalogue.part", "pk": "RE10208", "fields": {"part_name": "lever", "price": 54.08, "discount_price": 0.97, "date_created": "2022-11-30T09:58:42.167Z", "image": "generated_part_pic/RE10208.png", "description": "Work produce structure investment sign ask. Type behind person should any community.", "stock_quantity": 53, "machine_system": 6}}, {"model": "catalogue.part", "pk": "RE18520", "fields": {"part_name": "sprocket", "price": 272.39, "discount_price": 0.87, "date_created": "2022-11-30T09:58:42.326Z", "image": "generated_part_pic/RE18520.png", "description": "Mean receive buy world. Car tough perhaps manage at sign teach door.", "stock_quantity": 59, "machine_system": 1}}, {"model": "catalogue.part", "pk": "RE29768", "fields": {"part_name": "bearing", "price": 453.93, "discount_price": 0.5, "date_created": "2022-11-30T09:58:57.880Z", "image": "generated_part_pic/RE29768.png", "description": "Sport pass central measure. And manage truth treat see family perhaps. Fish center more phone either station deep. Sort oil red smile talk then top join.", "stock_quantity": 8, "machine_system": 6}}, {"model": "catalogue.part", "pk": "RE43716", "fields": {"part_name": "nut", "price": 154.5, "discount_price": 0.87, "date_created": "2022-11-30T09:58:42.076Z", "image": "generated_part_pic/RE43716.png", "description": "Consider ten soon fear up team. General reveal leg political probably cause social. Where technology amount administration report compare few.", "stock_quantity": 7, "machine_system": 1}}, {"model": "catalogue.part", "pk": "RE45068", "fields": {"part_name": "bracket", "price": 325.82, "discount_price": 0.73, "date_created": "2022-11-30T09:58:57.779Z", "image": "generated_part_pic/RE45068.png", "description": "Film available small back toward north stay music. Story draw industry too thus. Race receive risk suddenly. Generation TV front day case. Win way officer range pressure participant.", "stock_quantity": 23, "machine_system": 1}}, {"model": "catalogue.part", "pk": "RE61063", "fields": {"part_name": "sprocket", "price": 491.21, "discount_price": 0.89, "date_created": "2022-11-30T09:58:42.349Z", "image": "generated_part_pic/RE61063.png", "description": "Clearly together physical society sign section interview away. Discuss sister call follow evening ability back. Peace reduce occur board. Early approach view energy rather finish suffer.", "stock_quantity": 90, "machine_system": 1}}, {"model": "catalogue.part", "pk": "RE63928", "fields": {"part_name": "bearing", "price": 489.34, "discount_price": 0.68, "date_created": "2022-11-30T09:58:57.923Z", "image": "generated_part_pic/RE63928.png", "description": "So threat stuff plan event trade. Thought face matter week court. Space stay much more along himself. Meeting manager everyone same might apply real. Various food face start compare as.", "stock_quantity": 70, "machine_system": 5}}, {"model": "catalogue.part", "pk": "RE70581", "fields": {"part_name": "bearing", "price": 370.43, "discount_price": 0.79, "date_created": "2022-11-30T09:58:57.963Z", "image": "generated_part_pic/RE70581.png", "description": "Next inside care sure chair concern by. Wall until whatever wear. Perform task fact teacher lot memory. Analysis read know situation cell professor. Any time certain worry win.", "stock_quantity": 21, "machine_system": 1}}, {"model": "catalogue.part", "pk": "RE73140", "fields": {"part_name": "nut", "price": 234.48, "discount_price": 0.73, "date_created": "2022-11-30T09:58:42.280Z", "image": "generated_part_pic/RE73140.png", "description": "Become serious doctor leave upon. South newspaper machine feel movie appear. Certain left employee hand pretty law itself. Produce explain various product education.", "stock_quantity": 32, "machine_system": 8}}, {"model": "catalogue.machinemodel", "pk": 1, "fields": {"model": "KT315-26", "machine_type": 5, "part": ["AH64028", "AL15864", "AX54290", "AXE17287", "AXE17727", "AXE36974", "AXE65663", "AXE90193", "R19843", "RE29768", "RE43716", "RE45068", "RE70581", "RE73140"]}}, {"model": "catalogue.machinemodel", "pk": 2, "fields": {"model": "R4044", "machine_type": 3, "part": ["AH64028", "AL15864", "AX54290", "AXE17287", "AXE17727", "AXE36974", "AXE65663", "AXE90193", "R19843", "RE29768", "RE43716", "RE45068", "RE70581", "RE73140"]}}, {"model": "catalogue.machinemodel", "pk": 3, "fields": {"model": "KT315-36", "machine_type": 5, "part": ["AH64028", "AL15864", "AX54290", "AXE17287", "AXE17727", "AXE36974", "AXE65663", "AXE90193", "R19843", "RE29768", "RE43716", "RE45068", "RE70581", "RE73140"]}}, {"model": "catalogue.machinemodel", "pk": 4, "fields": {"model": "W649", "machine_type": 2, "part": ["AH64028", "AL15864", "AX54290", "AXE17287", "AXE17727", "AXE36974", "AXE65663", "AXE90193", "R19843", "RE29768", "RE43716", "RE45068", "RE70581", "RE73140"]}}, {"model": "catalogue.machinemodel", "pk": 5, "fields": {"model": "KT315-24", "machine_type": 5, "part": ["AH64028", "AL15864", "AX54290", "AXE17287", "AXE17727", "AXE36974", "AXE65663", "AXE90193", "R19843", "RE29768", "RE43716", "RE45068", "RE70581", "RE73140"]}}, {"model": "catalogue.machinemodel", "pk": 6, "fields": {"model": "8200", "machine_type": 4, "part": ["AH64028", "AL15864", "AX54290", "AXE17287", "AXE17727", "AXE36974", "AXE65663", "AXE90193", "R19843", "RE29768", "RE43716", "RE45068", "RE70581", "RE73140"]}}, {"model": "catalogue.machinemodel", "pk": 7, "fields": {"model": "S626", "machine_type": 2, "part": ["AH64028", "AL15864", "AX54290", "AXE17287", "AXE17727", "AXE36974", "AXE65663", "AXE90193", "R19843", "RE29768", "RE43716", "RE45068", "RE70581", "RE73140"]}}, {"model": "catalogue.machinemodel", "pk": 8, "fields": {"model": "S648", "machine_type": 2, "part": ["AH64028", "AL15864", "AX54290", "AXE17287", "AXE17727", "AXE36974", "AXE65663", "AXE90193", "R19843", "RE29768", "RE43716", "RE45068", "RE70581", "RE73140"]}}, {"model": "catalogue.machinemodel", "pk": 9, "fields": {"model": "M4039", "machine_type": 3, "part": ["AH64028", "AL15864", "AX54290", "AXE17287", "AXE17727", "AXE36974", "AXE65663", "AXE90193", "R19843", "RE29768", "RE43716", "RE45068", "RE70581", "RE73140"]}}, {"model": "catalogue.machinemodel", "pk": 10, "fields": {"model": "KT315-38", "machine_type": 5, "part": ["AH64028", "AL15864", "AX54290", "AXE17287", "AXE17727", "AXE36974", "AXE65663", "AXE90193", "R19843", "RE29768", "RE43716", "RE45068", "RE70581", "RE73140"]}}]